제품번호,물품명,물품대분류,물품중분류,상품중량
100021V2_0,2단무늬컵,식기/편백,자기,1p
100022V2_1,7곡딸기롤과자,과자,스낵,100g/10개입
100023V2_2,7곡참식,식사대용,선식/생식,700g
100024V2_3,가리비,생물수산,패류/갑각류,1.5kg
100025V2_3,가리비,생물수산,패류/갑각류,1kg
100026V2_4,가마솥3인용,식기/편백,옹기,
100027V2_5,가마솥5인용,식기/편백,옹기,
100028V2_6,가브리살,중량(정육),돼지(중량),무항생제-성남용인
100029V2_7,가브리살-성남용인,중량(정육),돼지(중량),
1000210V2_8,가시복분자원액,음료,발효음료,병:700ml
1000211V2_9,가시복분자즙,음료,과즙,100ml*10봉
1000212V2_9,가시복분자즙,음료,과즙,100ml*20봉
1000213V2_9,가시복분자즙,음료,과즙,100ml/1봉
1000214V2_10,가시오이,열매채소,가시오이,2개
1000215V2_11,가자미,냉동수산,냉동생선,2~4마리/300g
1000216V2_12,가지,열매채소,가지,2개
1000217V2_12,가지,열매채소,가지,4개
1000218V2_12,가지,열매채소,가지,토종:2개
1000219V2_13,가지말림,말린나물/건재,가지말림,100g
1000220V2_14,각굴,생물수산,패류/갑각류,까지않은굴/2.5kg
1000221V2_15,간고등어살,냉동수산,냉동생선,3쪽/240g
1000222V2_15,간고등어살,냉동수산,냉동생선,대/2쪽/300g
1000223V2_15,간고등어살,냉동수산,냉동생선,특/2쪽/400g
1000224V2_16,간삼치살,냉동수산,냉동생선,2쪽/400g
1000225V2_17,간임연수어,냉동수산,냉동생선,2~3마리/350g
1000226V2_18,간장꽃게장,수산가공,게장/게살,2마리/400g
1000227V2_18,간장꽃게장,수산가공,게장/게살,2마리/500g
1000228V2_19,간장샐러드소스,소스/기타양념,소스,220ml
1000229V2_20,간장소스순살닭강정,육가공,돈가스/분쇄가공,"강정400g,소스110g"
1000230V2_21,간편한상 매콤주꾸미,수산가공,수산가공반찬,300g
1000231V2_22,갈매기살,중량(정육),돼지(중량),무항생제-성남용인
1000232V2_23,갈매기살-성남용인,중량(정육),돼지(중량),
1000233V2_24,갈색만가닥버섯,버섯,만가닥버섯,150g
1000234V2_24,갈색만가닥버섯,버섯,만가닥버섯,300g
1000235V2_25,갈색양송이버섯,버섯,양송이버섯,140g
1000236V2_25,갈색양송이버섯,버섯,양송이버섯,300g
1000237V2_26,갈치,냉동수산,냉동생선,200g
1000238V2_26,갈치,냉동수산,냉동생선,300g
1000239V2_27,갈치선물,냉동수산,냉동생선,1마리/소분용
1000240V2_28,갈치선물모음,냉동수산,냉동생선,3마리
1000241V2_29,감귤/비가림,과일,귤(비가림),유:3kg
1000242V2_30,감귤/비가림/유,과일,귤(비가림),1.5kg
1000243V2_31,감귤/세미놀,과일,귤만감,유:2kg
1000244V2_32,감귤/진홍,과일,귤만감,무:1.5kg
1000245V2_33,감귤/진홍/소과/,과일,귤만감,무:1.5kg
1000246V2_34,감귤/청로,과일,귤만감,유:2kg
1000247V2_35,감귤꽁꽁,음료,빙과,120ml
1000248V2_36,감귤즙,음료,과즙,150ml
1000249V2_36,감귤즙,음료,과즙,150ml*10개
1000250V2_36,감귤즙,음료,과즙,620ml
1000251V2_36,감귤즙,음료,과즙,유기/150ml
1000252V2_36,감귤즙,음료,과즙,유기/150ml*10봉
1000253V2_37,감말랭이,과일,곶감,300g
1000254V2_38,감식초,기름/식초,식초,375ml
1000255V2_38,감식초,기름/식초,식초,700ml
1000256V2_39,감식초&개복숭아원액모음,음료,음료기타,
1000257V2_40,감잎차,차,잎꽃차,30g
1000258V2_41,감잎차선물모음,차,잎꽃차,
1000259V2_42,감자라면,밀가공,라면,110g:1봉
1000260V2_42,감자라면,밀가공,라면,1묶음:4봉
1000261V2_42,감자라면,밀가공,라면,1묶음:4봉-쿠폰북행사
1000262V2_42,감자라면,밀가공,라면,1상자:20봉
1000263V2_42,감자라면,밀가공,라면,1상자:6묶음
1000264V2_43,감자바게트,빵,건강곡물빵,180g/
1000265V2_44,감자쌀과자,과자,스낵,32g
1000266V2_45,감자전분,가루,과채가루,300g
1000267V2_46,감자칼국수,밀가공,생숙면,600g
1000268V2_47,감태,해조,기타해조류,300g
1000269V2_48,갓,잎/줄기채소,갓,갓김치용:1kg
1000270V2_49,갓김치,김치,기타채소,500g
1000271V2_50,갓끈동부,열매채소,갓끈동부,200g
1000272V2_51,강낭콩,열매채소,풋콩,1kg
1000273V2_52,개별절전멀티콘센트,생활용품,환경용품,2구/1.5m
1000274V2_52,개별절전멀티콘센트,생활용품,환경용품,4구/1.5m
1000275V2_53,개복숭아/2kg,과일,개복숭아,
1000276V2_54,개복숭아감식초,음료,음료기타,700ml
1000277V2_55,개복숭아감식초모음,음료,음료기타,
1000278V2_56,개복숭아원액,음료,발효음료,700ml
1000279V2_57,개조개,생물수산,패류/갑각류,500g/2~3개
1000280V2_58,거품없는 세정제,세제/세안,살균/세정/탈취,주방ㆍ찌든때용
1000281V2_59,건강담은환선물모음,건강일반,분말/환,
1000282V2_60,건강한호밀빵,빵,건강곡물빵,200g/
1000283V2_61,건고추/유기재배/3kg,양념채소,건고추,5근
1000284V2_62,건구기자/무,차,곡류차,300g
1000285V2_63,건구기자/유,차,곡류차,300g
1000286V2_64,건대추,과일,건대추,500g
1000287V2_65,건대추/자주인증,과일,건대추,500g
1000288V2_66,건도라지,말린나물/건재,말린도라지,50g
1000289V2_67,건목이버섯,버섯,목이버섯,20g
1000290V2_68,건붉은새우,건어물,기타건어류,130g
1000291V2_69,건새우아욱국,즉석조리,국.찌개,500g
1000292V2_70,건어선물모음,건어물,기타건어류,
1000293V2_71,건여주,건강일반,건강차,100g
1000294V2_72,건오미자,차,곡류차,300g/유
1000295V2_73,검은콩낫토,장,장류/기타,50g*2
1000296V2_74,검은콩두유,음료,두유,160ml*20봉/선물
1000297V2_74,검은콩두유,음료,두유,160ml*5봉
1000298V2_75,검정깨/국산,콩/화본/깨,깨,300g
1000299V2_76,검정깨/무,콩/화본/깨,깨,300g
10002100V2_77,검정깨/유,콩/화본/깨,깨,300g
10002101V2_78,검정콩/국산,콩/화본/깨,콩,500g
10002102V2_79,검정콩/유,콩/화본/깨,콩,500g
10002103V2_80,검정콩세알,과자,스낵,190g
10002104V2_81,겉껍질 깐밤,견과,밤,200g
10002105V2_82,겨우살이차,음료,건강차,40g*2봉
10002106V2_82,겨우살이차,음료,건강차,80g
10002107V2_83,견과바,과자,스낵,25g
10002108V2_84,결명자차,차,곡류차,무/300g
10002109V2_85,계란탕솥,식기/편백,옹기,
10002110V2_86,고구마말랭이,과자,엿/양갱/기타,80g
10002111V2_87,고구마묵,어묵/묵,묵,370g
10002112V2_88,고구마부리토,밀가공,피자/핫도그,92g
10002113V2_89,고구마순,잎/줄기채소,고구마순,400g
10002114V2_90,고구마양갱,과자,엿/양갱/기타,40g
10002115V2_91,고구마줄기말림,말린나물/건재,고구마순말림(70g),70g
10002116V2_92,고구마찐빵,빵,"찐빵,호떡,전통",360g/5개/
10002117V2_93,고구마케이크,빵,"케이크,롤,선물",2호/700g
10002118V2_93,고구마케이크,빵,"케이크,롤,선물",소/400g
10002119V2_94,고기만두,밀가공,만두,1.5kg
10002120V2_94,고기만두,밀가공,만두,500g
10002121V2_95,고기왕교자,밀가공,만두,490g
10002122V2_96,고들빼기김치,김치,기타채소,500g
10002123V2_97,고등어,냉동수산,냉동생선,토막/500g
10002124V2_98,고수,잎/줄기채소,기타,30g
10002125V2_99,고추부각,밑반찬,부각/튀각,60g
10002126V2_100,고추소시지,육가공,햄/소시지/훈제,230g-
10002127V2_101,고추장멸치볶음,밑반찬,볶음,150g
10002128V2_102,고추장불고기양념,소스/기타양념,기타양념,250g
10002129V2_103,고춧가루,가루,고춧가루,양념용/500g
10002130V2_103,고춧가루,가루,고춧가루,청양초/400g
10002131V2_103,고춧가루,가루,고춧가루,토종/300g
10002132V2_104,고춧가루/유,가루,고춧가루,2kg/양념용
10002133V2_105,고춧잎,잎/줄기채소,고춧잎,200g
10002134V2_106,곡물쿠키믹스,가루,프리믹스,250g*2봉
10002135V2_107,곡물플레이크,식사대용,씨리얼,300g
10002136V2_108,곤드레나물,말린나물/건재,곤드레나물/손질,냉동/400g
10002137V2_109,곤드레나물밥,식사대용,식사대용/기타,300g
10002138V2_109,곤드레나물밥,식사대용,식사대용/기타,624g
10002139V2_110,곤드레잎,잎/줄기채소,곤드레잎,200g
10002140V2_111,곰돌이주머니,생활용품,기타생활용품,1장
10002141V2_112,곰취,잎/줄기채소,곰취,100g
10002142V2_113,곰취말림,말린나물/건재,기타,40g
10002143V2_114,곱게다진닭안심살,닭/오리,무항생제닭,무항생제/100g
10002144V2_115,곱게다진대구살,냉동수산,냉동생선,80g
10002145V2_116,곱게다진멸치,냉동수산,기타냉동수산,80g
10002146V2_117,곱게다진새우살,냉동수산,기타냉동수산,80g
10002147V2_118,곱게다진오징어,냉동수산,기타냉동수산,80g
10002148V2_119,곱게다진한우순살,소,유기한우,유기/200g
10002149V2_120,공심채,잎/줄기채소,공심채,150g
10002150V2_121,곶감/고종시,과일,곶감,유:12개
10002151V2_122,곶감/대봉,과일,곶감,10개
10002152V2_123,곶감/대봉/무,과일,곶감,10개
10002153V2_124,곶감/대봉/유기,과일,곶감,10개
10002154V2_125,곶감/둥시,과일,곶감,10개
10002155V2_125,곶감/둥시,과일,곶감,30개
10002156V2_126,곶감/반건시,과일,곶감,밀시감:500g
10002157V2_127,과일잼모음,잼/병조림/기타,잼,4종
10002158V2_128,과일푸딩,음료,푸딩,감귤:110g
10002159V2_128,과일푸딩,음료,푸딩,딸기:110g
10002160V2_128,과일푸딩,음료,푸딩,사과:110g
10002161V2_128,과일푸딩,음료,푸딩,포도:110g
10002162V2_129,과자선물모음,과자,스낵,
10002163V2_130,구기자환,건강일반,분말/환,180g
10002164V2_131,구운고등어,수산가공,수산가공반찬,100g
10002165V2_132,구운김밥김,해조,김,10장
10002166V2_133,구운도시락김,밑반찬,김가공,5g*3봉
10002167V2_133,구운도시락김,밑반찬,김가공,5g*3봉-쿠폰북
10002168V2_134,구운돌김,해조,김,15장
10002169V2_135,구운삼치,수산가공,수산가공반찬,70g
10002170V2_136,구운유정란,알,유정란,6알
10002171V2_137,구운자른김,밑반찬,김가공,15g*3봉
10002172V2_138,구운전장김,밑반찬,김가공,40g
10002173V2_139,구운전장김모음,밑반찬,김가공,
10002174V2_140,구운참김,해조,김,15장
10002175V2_141,구운파래참김,해조,김,15장
10002176V2_142,구이갈비,돼지,보리살림돼지,1kg/우리보리살림돼지
10002177V2_143,구이용삼치,냉동수산,냉동생선,400g/1마리
10002178V2_143,구이용삼치,냉동수산,대용량물품(냉동수산),1kg
10002179V2_144,구죽염가루,소금,가공소금,100g
10002180V2_145,국물멸치,건어물,멸치류,300g
10002181V2_146,국물멸치/상,건어물,멸치류,300g
10002182V2_147,국물용황태대가리,건어물,황태류,200g
10002183V2_148,국수기,식기/편백,옹기,
10002184V2_149,국화차,차,잎꽃차,0.6g*20티백
10002185V2_149,국화차,차,잎꽃차,유기/20g
10002186V2_150,국화차모음,차,잎꽃차,"20g,0.6g*20티백"
10002187V2_151,군만두,밀가공,만두,500g
10002188V2_152,굴비,냉동수산,냉동생선,10마리/800g
10002189V2_152,굴비,냉동수산,냉동생선,대/3마리/330g
10002190V2_152,굴비,냉동수산,냉동생선,소/5마리/300g
10002191V2_152,굴비,냉동수산,냉동생선,중/3마리/240g
10002192V2_152,굴비,냉동수산,냉동생선,중/5마리/450g
10002193V2_153,굴비모음,냉동수산,냉동생선,특/5마리/1.2kg
10002194V2_154,굴비모음1,냉동수산,냉동생선,10마리/1.1kg
10002195V2_154,굴비모음1,냉동수산,냉동생선,5마리/550g
10002196V2_155,굴비모음2,냉동수산,냉동생선,10마리/1.3kg
10002197V2_156,굴비모음3,냉동수산,냉동생선,10마리/1.7kg
10002198V2_157,굴소스,소스/기타양념,소스,220ml
10002199V2_158,굵은소금,소금,천일염,10kg
10002200V2_158,굵은소금,소금,천일염,3kg
10002201V2_159,궁중팬/22㎝,식기/편백,스테인리스,
10002202V2_160,궁중팬/24㎝,식기/편백,스테인리스,
10002203V2_161,궁중팬/28㎝,식기/편백,스테인리스,
10002204V2_162,귀리,콩/화본/깨,화본,국산/500g
10002205V2_162,귀리,콩/화본/깨,화본,무/500g
10002206V2_163,귤/무,과일,귤(조생),1.5kg
10002207V2_163,귤/무,과일,귤(조생),3kg
10002208V2_163,귤/무,과일,귤(조생),5kg
10002209V2_164,귤/유,과일,귤(조생),1.5kg
10002210V2_164,귤/유,과일,귤(조생),3kg
10002211V2_164,귤/유,과일,귤(조생),5kg
10002212V2_165,그로우백,생활용품,숯/원예,미니/초록
10002213V2_165,그로우백,생활용품,숯/원예,열매채소용/초록
10002214V2_165,그로우백,생활용품,숯/원예,열매채소용/파랑
10002215V2_165,그로우백,생활용품,숯/원예,잎채소용/초록
10002216V2_165,그로우백,생활용품,숯/원예,잎채소용/파랑
10002217V2_166,근대,잎/줄기채소,근대,300g
10002218V2_166,근대,잎/줄기채소,근대,300g/채소꾸러미용
10002219V2_167,근대된장국,즉석조리,국.찌개,500g
10002220V2_168,긁지말고 모물린,생활용품,기타생활용품,
10002221V2_169,"금귤/유,무",과일,귤만감,500g
10002222V2_170,금산오미자원액,음료,발효음료,700ml
10002223V2_171,금이버섯,버섯,금이버섯,150g
10002224V2_172,기장,콩/화본/깨,화본,국산/500g
10002225V2_173,기장/무,콩/화본/깨,화본,150g
10002226V2_173,기장/무,콩/화본/깨,화본,500g
10002227V2_174,기장/유,콩/화본/깨,화본,500g
10002228V2_175,긴독1호,식기/편백,옹기,
10002229V2_176,긴독2호,식기/편백,옹기,
10002230V2_177,긴독3호,식기/편백,옹기,
10002231V2_178,긴석작꾸러미,과자,한과/유과,1.3kg
10002232V2_179,김말이,즉석조리,간편요리,500g
10002233V2_180,김밥용햄,육가공,햄/소시지/훈제,285g
10002234V2_180,김밥용햄,육가공,햄/소시지/훈제,285g-
10002235V2_181,김부각,밑반찬,김가공,50g
10002236V2_182,김자반볶음,밑반찬,김가공,40g
10002237V2_183,김장김치,김치,배추,10kg
10002238V2_184,김장새우,냉동수산,기타냉동수산,참새우/1kg
10002239V2_185,김장새우젓,수산가공,젓갈/액젓,1.8kg
10002240V2_186,김치만두,밀가공,만두,1.5kg
10002241V2_186,김치만두,밀가공,만두,500g
10002242V2_187,김치왕교자,밀가공,만두,490g
10002243V2_188,까나리액젓,수산가공,젓갈/액젓,1kg
10002244V2_188,까나리액젓,수산가공,젓갈/액젓,2.1kg
10002245V2_189,깍두기김치,김치,무,1kg
10002246V2_189,깍두기김치,김치,무,300g
10002247V2_190,깐녹두,콩/화본/깨,콩,국산/500g
10002248V2_191,깐녹두/무,콩/화본/깨,콩,500g
10002249V2_192,깐녹두/유,콩/화본/깨,콩,500g
10002250V2_193,깐더덕,뿌리채소,더덕/손질,200g
10002251V2_194,깐도라지,뿌리채소,도라지/손질,150g
10002252V2_195,깐마늘/난지형/유,양념채소,깐마늘,300g
10002253V2_196,깐밤,견과,밤,150g
10002254V2_197,깐은행,견과,은행,150g
10002255V2_198,깐쪽파,양념채소,쪽파,200g
10002256V2_198,깐쪽파,양념채소,쪽파,500g
10002257V2_199,깐호두,견과,호두,140g
10002258V2_200,깐호두/선물용,견과,호두,450g
10002259V2_201,깻단,잎/줄기채소,깻단,250g
10002260V2_202,깻순,잎/줄기채소,깻잎,200g
10002261V2_203,깻잎,잎/줄기채소,깻잎,30장
10002262V2_204,깻잎절임김치,김치,기타채소,200g
10002263V2_205,꼬마새송이버섯,버섯,새송이버섯,300g
10002264V2_206,꼬마소시지,육가공,햄/소시지/훈제,300g-
10002265V2_206,꼬마소시지,육가공,햄/소시지/훈제,300g-쿠폰북행사
10002266V2_207,꼬마인절미,떡,즉석떡,110g
10002267V2_208,꼬마찹쌀모나카,과자,스낵,112g/8개
10002268V2_209,꼬마쿠키모음,과자,쿠키,210g
10002269V2_210,꼬막새우살,냉동수산,기타냉동수산,350g
10002270V2_211,꼬시래기,해조,기타해조류,300g
10002271V2_212,꽁치,냉동수산,냉동생선,3마리/250g
10002272V2_212,꽁치,냉동수산,냉동생선,3마리/300g
10002273V2_213,꽁치과메기,냉동수산,기타냉동수산,냉동/10마리/20쪽
10002274V2_213,꽁치과메기,냉동수산,기타냉동수산,냉장/10마리/20쪽
10002275V2_214,꽃게,생물수산,패류/갑각류,숫게/1kg
10002276V2_214,꽃게,생물수산,패류/갑각류,암게/1kg
10002277V2_214,꽃게,생물수산,패류/갑각류,암게/2kg
10002278V2_215,꽃등심로스-성남용인,중량(정육),한우(중량),
10002279V2_216,꽃망울1인다기,식기/편백,자기,
10002280V2_217,꽃사슴녹용액,홍삼/녹용,녹용,남성/30봉*90ml
10002281V2_217,꽃사슴녹용액,홍삼/녹용,녹용,남성/60봉*90ml
10002282V2_217,꽃사슴녹용액,홍삼/녹용,녹용,수험생/30봉*90ml
10002283V2_217,꽃사슴녹용액,홍삼/녹용,녹용,수험생/60봉*90ml
10002284V2_217,꽃사슴녹용액,홍삼/녹용,녹용,어린이/30봉*90ml
10002285V2_217,꽃사슴녹용액,홍삼/녹용,녹용,어린이/60봉*90ml
10002286V2_217,꽃사슴녹용액,홍삼/녹용,녹용,여성/30봉*90ml
10002287V2_217,꽃사슴녹용액,홍삼/녹용,녹용,여성/60봉*90ml
10002288V2_218,꽃송이상추,쌈채소류,상추,200g
10002289V2_219,꽃잎1인다기,식기/편백,자기,
10002290V2_220,꽃찐빵,빵,기타(냉동 등),330g:10개
10002291V2_220,꽃찐빵,빵,기타(냉동 등),330g:10개/
10002292V2_221,꽈리고추,열매채소,꽈리고추,100g
10002293V2_221,꽈리고추,열매채소,꽈리고추,200g
10002294V2_222,꾸러기짱,과자,스낵,90g
10002295V2_223,꾸리살-성남용인,중량(정육),한우(중량),
10002296V2_224,꾸지뽕/냉동,과일,냉동건조과일,유:2kg
10002297V2_225,꿀선물모음,꿀,꿀,2종
10002298V2_226,꿀선물모음실속형,꿀,꿀,2종
10002299V2_227,꿀을바른바삭한쌀스낵,과자,스낵,80g
10002300V2_228,꿀카스텔라,빵,"케이크,롤,선물",270g/
10002301V2_229,나박김치,김치,무,1kg
10002302V2_230,날개파스타접시,식기/편백,자기,진사
10002303V2_231,남촌고급와인,과실주,포도주,레드/750ml
10002304V2_231,남촌고급와인,과실주,포도주,스위트/750ml
10002305V2_232,남촌고급와인모음,과실주,포도주,2병
10002306V2_233,남촌포도주,과실주,포도주,레드/700ml
10002307V2_233,남촌포도주,과실주,포도주,스위트/700ml
10002308V2_234,남해바다 아귀포,건어물,기타건어류,120g
10002309V2_235,남해바다 쥐치포,건어물,기타건어류,120g
10002310V2_236,남해바다 학꽁치포,건어물,기타건어류,120g
10002311V2_237,남해안생굴,생물수산,패류/갑각류,150g
10002312V2_237,남해안생굴,생물수산,패류/갑각류,500g
10002313V2_238,냉동굴,냉동수산,냉동패류,350g
10002314V2_239,냉동단호박녹두송편,떡,송편,500g
10002315V2_240,냉동동태알,냉동수산,기타냉동수산,탕용/400g
10002316V2_241,냉동딸기,과일채소,냉동딸기,500g
10002317V2_242,냉동떡국떡,떡,가래떡,800g
10002318V2_243,냉동떡볶이떡,떡,가래떡,500g
10002319V2_244,냉동메론,과일채소,냉동메론,300g
10002320V2_245,냉동모듬찰떡,떡,기타(냉동 등),80g*5종
10002321V2_246,냉동모시송편,떡,송편,200g
10002322V2_247,냉동밀떡볶이떡,떡,가래떡,500g
10002323V2_248,냉동백미깨송편,떡,송편,500g
10002324V2_249,냉동블루베리,과일,블루베리,500g
10002325V2_250,냉동산딸기,과일,산딸기,250g
10002326V2_251,냉동쑥깨송편,떡,송편,500g
10002327V2_252,냉동아로니아,과일,냉동건조과일,1kg
10002328V2_253,냉동오디,과일,냉동건조과일,500g
10002329V2_254,냉동치즈떡볶이떡,떡,가래떡,300g
10002330V2_255,냉동현미떡국떡,떡,가래떡,500g
10002331V2_256,냉동흑미건강떡,떡,기타(냉동 등),80g*5봉
10002332V2_257,냉동흑미녹두송편,떡,송편,500g
10002333V2_258,냉면기,식기/편백,자기,분청
10002334V2_259,냉면사리,밀가공,생숙면,150gx3개
10002335V2_260,냉이,잎/줄기채소,냉이,200g
10002336V2_261,냉장고용김칫독,식기/편백,옹기,소
10002337V2_262,냉장고탈취제,세제/세안,살균/세정/탈취,80g
10002338V2_263,너울국그릇모음,식기/편백,자기,4개
10002339V2_264,너울밥그릇모음,식기/편백,자기,4개
10002340V2_265,너울양념종지모음,식기/편백,자기,4개
10002341V2_266,너울찬기모음,식기/편백,자기,대/4개
10002342V2_266,너울찬기모음,식기/편백,자기,소/4개
10002343V2_266,너울찬기모음,식기/편백,자기,중/4개
10002344V2_267,네모난햄,육가공,햄/소시지/훈제,500g-
10002345V2_268,노각오이,열매채소,노각오이,400~700g:1개
10002346V2_268,노각오이,열매채소,노각오이,700g이상:1개
10002347V2_269,노란콩쌀쿠키,과자,쿠키,100g
10002348V2_270,노루궁뎅이버섯,버섯,노루궁뎅이버섯,150g이상
10002349V2_270,노루궁뎅이버섯,버섯,노루궁뎅이버섯,170g이상
10002350V2_271,녹두가루,가루,곡식가루,300g
10002351V2_272,녹두전,즉석조리,간편요리,300g
10002352V2_273,녹두전 반죽,즉석조리,간편요리,500g
10002353V2_274,녹미/유,유색미/발아미,유색미,1kg
10002354V2_275,녹차꿀카스텔라,빵,"케이크,롤,선물",270g/
10002355V2_276,녹차롤케이크,빵,"케이크,롤,선물",420g
10002356V2_277,녹차쿠키,과자,쿠키,100g
10002357V2_278,녹차티백,차,잎꽃차,1.2g*100티백
10002358V2_278,녹차티백,차,잎꽃차,1.2g*20티백
10002359V2_279,농축토마토,소스/기타양념,기타양념,250g
10002360V2_280,누룽지,과자,스낵,300g
10002361V2_280,누룽지,과자,스낵,500g
10002362V2_280,누룽지,과자,스낵,소:90g
10002363V2_281,누에가루,건강일반,분말/환,100g*2병
10002364V2_281,누에가루,건강일반,분말/환,170g
10002365V2_282,누에환,건강일반,분말/환,250g
10002366V2_283,눈개승마,말린나물/건재,기타,삼나물말림/40g
10002367V2_284,느타리버섯,버섯,느타리버섯,300g
10002368V2_285,느티나무 조리도구모음,식기/편백,편백,4종
10002369V2_286,느티나무 통원목도마,식기/편백,편백,대
10002370V2_286,느티나무 통원목도마,식기/편백,편백,소
10002371V2_286,느티나무 통원목도마,식기/편백,편백,중
10002372V2_287,늙은호박,열매채소,늙은호박,극소:2~3kg
10002373V2_287,늙은호박,열매채소,늙은호박,대:7-9kg
10002374V2_287,늙은호박,열매채소,늙은호박,소:3-5kg
10002375V2_287,늙은호박,열매채소,늙은호박,중:5-7kg
10002376V2_288,다듬은 파,양념채소,대파/손질,300g
10002377V2_289,다래생화분,꿀,꿀부산물,290g
10002378V2_290,다래순말림,말린나물/건재,다래순말림(100g),60g
10002379V2_291,다슬기살,냉동수산,냉동패류,100g
10002380V2_292,다슬기해장국,수산가공,국/탕(수산),350g
10002381V2_293,다시마,해조,미역/다시마,200g
10002382V2_294,다시마가루,수산가공,수산분말,120g
10002383V2_295,다시마튀각,밑반찬,부각/튀각,40g
10002384V2_296,다용도공기,식기/편백,옹기,5개
10002385V2_297,다용도면포,생활용품,주방소품,정사각
10002386V2_297,다용도면포,생활용품,주방소품,직사각
10002387V2_298,다용도미생물,생활용품,숯/원예,1ℓ
10002388V2_299,다용도방수파우치,생활용품,위생용품,
10002389V2_300,다용도세척제,세제/세안,살균/세정/탈취,500㎖
10002390V2_300,다용도세척제,세제/세안,살균/세정/탈취,보충용:400㎖
10002391V2_301,다진마늘/난지형,소스/기타양념,기타양념,유:180g
10002392V2_301,다진마늘/난지형,소스/기타양념,기타양념,유:200g
10002393V2_302,다진생강,소스/기타양념,기타양념,냉동/180g
10002394V2_303,다진청양고추,소스/기타양념,기타양념,180g
10002395V2_304,단감,과일,단감,대:5개
10002396V2_304,단감,과일,단감,소:5개
10002397V2_304,단감,과일,단감,조생:1kg
10002398V2_304,단감,과일,단감,중:5개
10002399V2_304,단감,과일,단감,특대:5개
10002400V2_305,단감/,과일,단감,소:2kg
10002401V2_306,단감/대/,과일,단감,조생:1kg
10002402V2_307,단감/무,과일,단감,소:5개
10002403V2_307,단감/무,과일,단감,중:5개
10002404V2_308,단감/소/,과일,단감,조생:1kg
10002405V2_309,단감/유,과일,단감,대:5개
10002406V2_310,단감/중/,과일,단감,조생:1kg
10002407V2_311,단단한두부,두부/유부,두부,340g
10002408V2_312,단무지,절임/장아찌,절임,김밥용:400g
10002409V2_312,단무지,절임/장아찌,절임,반찬용:230g
10002410V2_312,단무지,절임/장아찌,절임,반찬용:400g
10002411V2_313,단팝콘,과자,스낵,80g
10002412V2_314,단팥빵,빵,앙금크림빵,85g/
10002413V2_315,단호박,열매채소,단호박,1개:0.6~1kg
10002414V2_315,단호박,열매채소,단호박,1개:1.5kg이상
10002415V2_315,단호박,열매채소,단호박,1개:1~1.5kg
10002416V2_315,단호박,열매채소,단호박/손질,깍뚝썰기/300g
10002417V2_315,단호박,열매채소,단호박/손질,편썰기/300g
10002418V2_316,단호박양갱,과자,엿/양갱/기타,40g
10002419V2_317,단호박요구르트,유제품,요구르트,120ml
10002420V2_318,단호박찐빵,빵,"찐빵,호떡,전통",300g/5개/
10002421V2_319,단호박쿠키,과자,쿠키,100g
10002422V2_320,단호박품은쌀과자,과자,스낵,40g
10002423V2_321,달래,잎/줄기채소,달래,100g
10002424V2_321,달래,잎/줄기채소,달래,100g/미인증
10002425V2_321,달래,잎/줄기채소,달래,500g/장아찌용/미인증
10002426V2_322,달지않은 떠먹는 요구르트,유제품,요구르트,90g*2
10002427V2_323,달지않은 떠먹는요거트,유제품,요구르트,350g
10002428V2_323,달지않은 떠먹는요거트,유제품,요구르트,90g*2개
10002429V2_324,달지않은 떠먹는요구르트,유제품,요구르트,90g
10002430V2_325,달지않은곡물플레이크,식사대용,씨리얼,300g
10002431V2_326,달지않은옥수수플레이크,식사대용,씨리얼,300g
10002432V2_327,닭가슴살,닭/오리,무항생제닭,200g
10002433V2_327,닭가슴살,닭/오리,무항생제닭,400g
10002434V2_328,닭가슴살버거패티,육가공,돈가스/분쇄가공,280g
10002435V2_329,닭고기볶음밥,식사대용,식사대용/기타,300g
10002436V2_329,닭고기볶음밥,식사대용,식사대용/기타,300g-쿠폰북 행사
10002437V2_330,닭곰탕,즉석조리,국.찌개,500g
10002438V2_331,닭날개,닭/오리,무항생제닭,500g
10002439V2_332,닭다리,닭/오리,무항생제닭,600g
10002440V2_333,닭다리순살,닭/오리,무항생제닭,400g
10002441V2_334,닭발,닭/오리,무항생제닭,500g
10002442V2_335,닭봉,닭/오리,무항생제닭,300g
10002443V2_336,닭분쇄육,닭/오리,무항생제닭,300g
10002444V2_337,닭안심살,닭/오리,무항생제닭,200g
10002445V2_337,닭안심살,닭/오리,무항생제닭,400g
10002446V2_338,담음공기세트,식기/편백,자기,4개
10002447V2_339,담음구이접시,식기/편백,자기,
10002448V2_340,담음대접세트,식기/편백,자기,4개
10002449V2_341,담음양념종지세트,식기/편백,자기,4개
10002450V2_342,담음찬기2호세트,식기/편백,자기,4개
10002451V2_343,담음찬기3호세트,식기/편백,자기,4개
10002452V2_344,담음커피잔세트,식기/편백,자기,2인용
10002453V2_345,당귀무말림무침,절임/장아찌,장아찌,240g
10002454V2_346,당근,뿌리채소,당근,1kg
10002455V2_346,당근,뿌리채소,당근,300g
10002456V2_346,당근,뿌리채소,당근,500g
10002457V2_346,당근,뿌리채소,당근,즙용:1kg
10002458V2_347,당근꿀카스텔라,빵,"케이크,롤,선물",270g/
10002459V2_348,당근머핀,빵,단과자빵,85g*2개
10002460V2_349,당근토마토즙,음료,과즙,620ml
10002461V2_350,당면,밀가공,면/기타,500g
10002462V2_351,당조고추,열매채소,당조고추,200g
10002463V2_352,대구순살,냉동수산,냉동생선,100g
10002464V2_353,대구포,냉동수산,냉동생선,400g
10002465V2_354,대기전력자동차단콘센트,생활용품,환경용품,USB
10002466V2_354,대기전력자동차단콘센트,생활용품,환경용품,일반형
10002467V2_355,대보름나물,밑반찬,조림,500g
10002468V2_356,대봉감말랭이,과일,곶감,200g
10002469V2_357,대장부참식,식사대용,선식/생식,700g
10002470V2_358,대파,양념채소,대파,300g
10002471V2_358,대파,양념채소,대파,500g
10002472V2_358,대파,양념채소,대파,700g
10002473V2_359,더덕,뿌리채소,더덕,500g/무
10002474V2_360,더덕/유기재배,뿌리채소,더덕,500g
10002475V2_361,도깨비방망이과자,과자,스낵,80g
10002476V2_362,도라지액,건강일반,추출/농축액,90ml*10봉
10002477V2_362,도라지액,건강일반,추출/농축액,90ml*30봉
10002478V2_363,도라지절편,건강일반,건강/기타,20g*10개
10002479V2_364,도라지청,건강일반,추출/농축액,210g
10002480V2_365,도라지청모음,건강일반,추출/농축액,150g*2병
10002481V2_366,도라지청선물모음,건강일반,추출/농축액,"150g*3병, 50g"
10002482V2_367,도마,식기/편백,옻칠,소/정지예정품번
10002483V2_368,도토리가루,가루,과채가루,500g
10002484V2_369,도토리건조묵,어묵/묵,묵,100g
10002485V2_370,도토리묵,어묵/묵,묵,420g:1모
10002486V2_371,돈가스소스,소스/기타양념,소스,240g
10002487V2_372,돈가스용,돼지,보리살림돼지,600g/우리보리살림돼지
10002488V2_373,돈육곡물소시지,육가공,햄/소시지/훈제,300g-
10002489V2_374,돈육포,육가공,육포/기타,70g
10002490V2_375,돈육포선물모음,육가공,육포/기타,
10002491V2_376,돌김,해조,김,50장
10002492V2_377,돌나물,잎/줄기채소,돌나물,200g
10002493V2_378,동그랑쌀과자,과자,스낵,70g
10002494V2_379,동물복지유정란,알,유정란,10알
10002495V2_379,동물복지유정란,알,유정란,15알
10002496V2_380,동물복지유정란/중란,알,유정란,10알
10002497V2_381,동치미김치,김치,무,2kg
10002498V2_382,동치미냉면육수,밀가공,간편조리면,330g
10002499V2_383,동치미물냉면,밀가공,간편조리면,960g/2인분
10002500V2_384,동태,냉동수산,냉동생선,1kg/전부침용
10002501V2_384,동태,냉동수산,냉동생선,2마리/1100g
10002502V2_384,동태,냉동수산,냉동생선,450g/전부침용
10002503V2_384,동태,냉동수산,냉동생선,토막/400g
10002504V2_385,동태모음,냉동수산,냉동생선,400g
10002505V2_386,돼지감자,뿌리채소,돼지감자,1kg
10002506V2_387,돼지감자진액,건강일반,추출/농축액,90ml*30봉
10002507V2_388,돼지감자차,음료,뿌리차,70g
10002508V2_389,돼지고기동그랑땡,육가공,돈가스/분쇄가공,400g
10002509V2_389,돼지고기동그랑땡,육가공,돈가스/분쇄가공,제수용/800g
10002510V2_390,돼지고기사골국,육가공,식육추출가공,1.1kg
10002511V2_391,돼지구이갈비,돼지,무항생제돼지,1kg
10002512V2_392,돼지등뼈,돼지,무항생제돼지,1kg
10002513V2_393,돼지모듬구이용,돼지,보리살림(냉장),300g
10002514V2_394,돼지목심살,돼지,무항생제돼지,600g
10002515V2_395,돼지분쇄육,돼지,무항생제돼지,300g
10002516V2_396,돼지불고기,돼지,무항생제돼지,600g
10002517V2_397,돼지사태살,돼지,무항생제돼지,찌개:600g
10002518V2_398,돼지삼겹살,돼지,무항생제돼지,600g
10002519V2_399,돼지장조림,돼지,무항생제돼지,600g
10002520V2_400,돼지찜갈비,돼지,무항생제돼지,1kg
10002521V2_401,된장찌개솥,식기/편백,옹기,
10002522V2_402,된장찌개솥뚜껑,식기/편백,옹기,
10002523V2_403,두릅,잎/줄기채소,두릅,300g
10002524V2_403,두릅,잎/줄기채소,두릅,500g
10002525V2_404,두물차,차,잎꽃차,30g
10002526V2_405,두물차모음,차,잎꽃차,
10002527V2_406,두부,두부/유부,두부,420g
10002528V2_406,두부,두부/유부,두부,420g-쿠폰북행사
10002529V2_406,두부,두부/유부,두부,반모:270g
10002530V2_407,두부과자,과자,스낵,100g
10002531V2_408,두부연어묵,어묵/묵,어묵,270g
10002532V2_409,두유,음료,두유,160ml*20봉/선물
10002533V2_409,두유,음료,두유,160ml*30봉
10002534V2_409,두유,음료,두유,160ml*5봉
10002535V2_410,두텁찹쌀떡,떡,즉석떡,70g
10002536V2_411,두피살림 샴푸,세제/세안,헤어,500㎖
10002537V2_412,둥굴레차,음료,뿌리차,300g
10002538V2_412,둥굴레차,차,잎꽃차,1.2g*100티백
10002539V2_412,둥굴레차,차,잎꽃차,1.2g*20티백
10002540V2_413,둥근긴어묵,어묵/묵,어묵,270g
10002541V2_414,둥근독1호,식기/편백,옹기,
10002542V2_415,둥근독2호,식기/편백,옹기,
10002543V2_416,둥근독4호,식기/편백,옹기,
10002544V2_417,둥근애호박,열매채소,애호박,1개
10002545V2_418,둥글이통통햄,육가공,햄/소시지/훈제,300g-
10002546V2_419,뒷다리다짐육,돼지,보리살림(냉장),300g
10002547V2_420,뒷다리살,돼지,보리살림돼지,잡채용 200g/우리보리살림돼지
10002548V2_421,들기름,기름/식초,기름,160ml
10002549V2_421,들기름,기름/식초,기름,330ml
10002550V2_422,들깨/국산,콩/화본/깨,깨,300g
10002551V2_423,들깨/무,콩/화본/깨,깨,300g
10002552V2_424,들깨/유,콩/화본/깨,깨,300g
10002553V2_425,들깨가루,가루,과채가루,200g
10002554V2_426,들깨엿강정,과자,한과/유과,80g
10002555V2_427,등갈비,돼지,무항생제(냉장),무항생제/500g
10002556V2_427,등갈비,중량(정육),돼지(중량),무항생제-성남용인
10002557V2_428,등갈비-성남용인,중량(정육),돼지(중량),
10002558V2_429,등뼈,돼지,보리살림돼지,1kg/우리보리살림돼지
10002559V2_430,등심,돼지,보리살림돼지,채썰기 300g/우리보리살림돼지
10002560V2_430,등심,돼지,보리살림돼지,카레용 300g/우리보리살림돼지
10002561V2_430,등심,중량(정육),돼지(중량),무항생제-성남용인
10002562V2_431,등심구이용,소,유기한우(냉장),유기/250g
10002563V2_432,등심돈가스/카레/잡채-성남용인,중량(정육),돼지(중량),
10002564V2_433,등심로스-성남용인,중량(정육),한우(중량),
10002565V2_434,등심스테이크용,소,유기한우(냉장),유기/300g
10002566V2_435,등심찹스테이크용/유기,소,유기한우,300g
10002567V2_436,등심카레용,돼지,보리살림(냉장),300g/보리살림돼지
10002568V2_437,디포리,건어물,기타건어류,300g
10002569V2_438,딸기,과일채소,딸기,1kg
10002570V2_438,딸기,과일채소,딸기,싼타/500g
10002571V2_439,딸기/,과일채소,딸기,500g
10002572V2_439,딸기/,과일채소,딸기,소과:2kg
10002573V2_440,딸기/육보,과일채소,딸기,1kg
10002574V2_441,딸기꽁꽁,음료,빙과,120ml
10002575V2_442,딸기머핀,빵,단과자빵,75g*2개
10002576V2_443,딸기아침,식사대용,씨리얼,80g
10002577V2_444,딸기잼,잼/병조림/기타,잼,280g
10002578V2_444,딸기잼,잼/병조림/기타,잼,480g
10002579V2_445,땅두릅,잎/줄기채소,땅두릅,200g
10002580V2_446,땅콩막걸리,전통주,탁주,750ml
10002581V2_447,땅콩사탕,과자,엿/양갱/기타,70g
10002582V2_448,땅콩자반,밑반찬,조림,200g
10002583V2_449,땅콩캐러멜,과자,엿/양갱/기타,70g
10002584V2_450,땅콩크림,잼/병조림/기타,병조림/기타,230g
10002585V2_451,땅콩크림빵,빵,앙금크림빵,75g/
10002586V2_452,땅콩호박,열매채소,땅콩호박,1개:0.6~1kg
10002587V2_453,떠먹는 요거트,유제품,요구르트,90g*2개
10002588V2_454,떠먹는 요구르트,유제품,요구르트,90g
10002589V2_454,떠먹는 요구르트,유제품,요구르트,90g*2
10002590V2_455,떠먹는배도라지청,건강일반,추출/농축액,230g
10002591V2_456,떠먹는배도라지청모음,건강일반,추출/농축액,230g*2병
10002592V2_457,떠먹는요거트,유제품,요구르트,350g
10002593V2_458,떠먹는흑마늘,건강일반,추출/농축액,230g
10002594V2_459,떠먹는흑마늘모음,건강일반,추출/농축액,230g*2병
10002595V2_460,떡국떡,떡,가래떡,유기:2kg
10002596V2_460,떡국떡,떡,가래떡,유기:800g
10002597V2_461,떡볶이떡,떡,가래떡,유기/500g
10002598V2_462,라디치오,잎/줄기채소,라디치오,300g
10002599V2_463,레드향/무,과일,귤만감,1.5kg
10002600V2_464,레드향/유,과일,귤만감,1.5kg
10002601V2_465,레몬/무,과일,레몬,500g
10002602V2_466,레몬/유,과일,레몬,500g
10002603V2_467,"레몬/유,무",과일,레몬,소:500g
10002604V2_468,로메인,쌈채소류,로메인,150g
10002605V2_469,로얄제리,꿀,꿀부산물,50g
10002606V2_470,로즈마리,차,잎꽃차,15g
10002607V2_471,루꼴라,잎/줄기채소,루꼴라,100g
10002608V2_472,리코타치즈,유제품,치즈/기타,200g
10002609V2_473,린테우스상황버섯,버섯,상황버섯,200g/유
10002610V2_474,마,뿌리채소,마,큰둥근마/1kg
10002611V2_475,마.율무차,차,곡류차,20g*12봉
10002612V2_475,마.율무차,차,곡류차,300g
10002613V2_476,마/둥근마,뿌리채소,마,500g
10002614V2_477,마가루,가루,과채가루,300g
10002615V2_478,마고상황차,음료,건강차,110ml*30봉
10002616V2_479,마늘,양념채소,마늘/재래종,유기/대/3kg-1차
10002617V2_479,마늘,양념채소,마늘/재래종,유기/대/3kg-2차
10002618V2_479,마늘,양념채소,마늘/재래종,유기/소/2kg-1차
10002619V2_480,마늘/난지형,양념채소,마늘(난지형),1kg
10002620V2_480,마늘/난지형,양념채소,마늘(난지형),2kg
10002621V2_481,마늘/장아찌용,양념채소,마늘(장아찌용),2kg
10002622V2_482,마늘가루,가루,과채가루,1병:120g
10002623V2_483,마늘빵과자,과자,스낵,100g
10002624V2_484,마늘소시지,육가공,햄/소시지/훈제,220g-
10002625V2_485,마늘장아찌,절임/장아찌,장아찌,900g
10002626V2_486,마늘쫑,잎/줄기채소,마늘쫑,300g
10002627V2_487,마늘쫑절임,절임/장아찌,절임,300g
10002628V2_488,마늘환,건강일반,분말/환,180g
10002629V2_489,마른새우,건어물,기타건어류,200g
10002630V2_490,마른청각,해조,기타해조류,100g
10002631V2_491,마른흑새우,건어물,기타건어류,200g
10002632V2_492,마스코바도,소스/기타양념,기타양념,3kg
10002633V2_492,마스코바도,소스/기타양념,기타양념,500g
10002634V2_493,마스코바도호떡,빵,단과자빵,70g
10002635V2_494,마시는초콩,음료,음료기타,100g*5봉
10002636V2_495,마요네즈,소스/기타양념,기타양념,210g
10002637V2_496,막국수,밀가공,간편조리면,582g/2인분
10002638V2_497,막사발1호,식기/편백,옹기,5개
10002639V2_498,막장,장,장류/기타,900g
10002640V2_499,만가닥버섯모음,버섯,만가닥버섯,300g
10002641V2_500,만두피,밀가공,만두,330g:약30장
10002642V2_501,말랑말랑백미가래떡,떡,즉석떡,400g
10002643V2_502,말린강낭콩,콩/화본/깨,콩,무/500g
10002644V2_503,말린고사리/무농약,말린나물/건재,말린고사리(70g),70g
10002645V2_504,말린고사리/유,말린나물/건재,말린고사리(70g),70g
10002646V2_505,말린곤드레나물,말린나물/건재,말린곤드레나물(100g),100g
10002647V2_505,말린곤드레나물,말린나물/건재,말린곤드레나물(100g),유기:100g
10002648V2_506,말린금이버섯,버섯,금이버섯,20g
10002649V2_507,말린노루궁뎅이버섯,버섯,노루궁뎅이버섯,20g
10002650V2_508,말린돌김자반,해조,김,65g
10002651V2_509,말린만가닥버섯,버섯,만가닥버섯,50g
10002652V2_510,말린모싯대나물,말린나물/건재,기타,100g
10002653V2_511,말린바지락,건어물,기타건어류,150g
10002654V2_512,말린산나물모음,말린나물/건재,기타,자연산:70g
10002655V2_513,말린삼잎국화나물,말린나물/건재,말린삼잎국화나물,70g
10002656V2_514,말린아주까리잎,말린나물/건재,말린아주까리잎(100g),100g
10002657V2_515,말린표고버섯,버섯,표고버섯,150g
10002658V2_515,말린표고버섯,버섯,표고버섯,썬것:100g
10002659V2_516,말린표고칩,버섯,표고버섯,100g
10002660V2_517,말린홍합,건어물,기타건어류,200g
10002661V2_518,맑은바다구운김선물모음,밑반찬,김가공,
10002662V2_519,맛간장,장,간장,900ml
10002663V2_520,맛김치,김치,배추,1kg
10002664V2_520,맛김치,김치,배추,300g
10002665V2_521,맛이 진한 무지방우유,유제품,우유/산양유,900ml
10002666V2_522,맛조개국,수산가공,국/탕(수산),500g
10002667V2_523,매생이,생물수산,생물해조류,냉장/400g
10002668V2_523,매생이,해조,기타해조류,400g
10002669V2_524,매실부재료,가루,가루/기타,
10002670V2_525,매운감자라면,밀가공,라면,110g:1봉
10002671V2_525,매운감자라면,밀가공,라면,1묶음:4봉
10002672V2_525,매운감자라면,밀가공,라면,1상자:6묶음
10002673V2_526,매운맛돈육포,육가공,육포/기타,70g
10002674V2_527,매운탕솥,식기/편백,옹기,
10002675V2_528,매일견과,과자,스낵,25g
10002676V2_528,매일견과,과자,스낵,25g*10봉
10002677V2_529,매콤소스순살닭강정,육가공,돈가스/분쇄가공,"강정400g,소스160g"
10002678V2_530,매화마을 매실고,음료,음료기타,80g
10002679V2_531,매화마을청매실원,음료,발효음료,420ml
10002680V2_532,머리고기순댓국,육가공,식육추출가공,800g
10002681V2_533,머위대,잎/줄기채소,머위,400g
10002682V2_534,머위잎,잎/줄기채소,머위잎,200g
10002683V2_535,멍게살,생물수산,패류/갑각류,180g
10002684V2_536,메론,과일채소,메론,4kg이상:2통
10002685V2_537,메론_머스크/대,과일채소,메론,2kg:1통
10002686V2_538,메론_머스크/소,과일채소,메론,1~1.5kg:1통
10002687V2_539,메론_머스크/중,과일채소,메론,1.5~2kg:1통
10002688V2_540,메론_백자/대,과일채소,메론,1kg:1통
10002689V2_541,메론_백자/중,과일채소,메론,0.8~1kg:1통
10002690V2_542,메론_하니원/대,과일채소,메론,1.5kg:1통
10002691V2_543,메론_하니원/중,과일채소,메론,1.2~1.5kg:1통
10002692V2_544,메밀가루,가루,곡식가루,500g
10002693V2_545,메밀국수,밀가공,국수,400g
10002694V2_546,메밀국수소스,소스/기타양념,소스,220ml
10002695V2_547,메밀묵,어묵/묵,묵,420g
10002696V2_548,메밀차,차,곡류차,200g
10002697V2_549,메주,장,메주,1말:약6-7kg:솔뫼
10002698V2_549,메주,장,메주,반말:3-3.5kg:또바기
10002699V2_549,메주,장,메주,반말:약3-3.5kg:솔뫼
10002700V2_549,메주,장,메주,반말:약3-4.5kg:우리콩영농
10002701V2_550,메주가루,가루,양념가루,500g
10002702V2_550,메주가루,가루,양념가루,막장용:500g
10002703V2_551,메주콩/국산,콩/화본/깨,콩,500g
10002704V2_552,메주콩/유,콩/화본/깨,콩,500g
10002705V2_553,멥쌀가루,가루,곡식가루,건식/500g
10002706V2_554,면생리대,생활용품,위생용품,대형/1개
10002707V2_554,면생리대,생활용품,위생용품,오버나이트/1개
10002708V2_554,면생리대,생활용품,위생용품,일반형/1개
10002709V2_554,면생리대,생활용품,위생용품,팬티라이너/3개
10002710V2_555,면생리대속지,생활용품,위생용품,대형/3장
10002711V2_555,면생리대속지,생활용품,위생용품,오버나이트/2장
10002712V2_555,면생리대속지,생활용품,위생용품,일반/3장
10002713V2_556,멸치모음,건어물,멸치류,2종
10002714V2_556,멸치모음,건어물,멸치류,3종
10002715V2_557,멸치바삭,수산가공,수산가공간식,30g
10002716V2_558,멸치액젓,수산가공,젓갈/액젓,1kg
10002717V2_558,멸치액젓,수산가공,젓갈/액젓,2.1kg
10002718V2_559,멸치육젓,수산가공,젓갈/액젓,1.8kg/1되
10002719V2_560,명란젓,수산가공,젓갈/액젓,300g
10002720V2_561,명이나물,잎/줄기채소,명이나물,1kg
10002721V2_561,명이나물,잎/줄기채소,명이나물,200g
10002722V2_562,명태생선가스,수산가공,수산가공반찬,240g
10002723V2_563,명태참어묵,어묵/묵,어묵,300g
10002724V2_564,모과차,차,절임차,460g
10002725V2_565,모기기피제,생활용품,기타생활용품,100㎖
10002726V2_565,모기기피제,생활용품,기타생활용품,로즈마리향
10002727V2_566,모둠구이용,돼지,무항생제(냉장),무항생제/500g
10002728V2_567,모듬배기찰떡,떡,즉석떡,160g
10002729V2_568,모듬플레이크,식사대용,씨리얼,280g
10002730V2_569,모듬해초,해조,기타해조류,20g
10002731V2_570,모자반,해조,기타해조류,200g
10002732V2_571,목심,중량(정육),돼지(중량),무항생제-성남용인
10002733V2_572,목심구이-성남용인,중량(정육),돼지(중량),
10002734V2_573,목심국거리,소,한우(냉장),신선육/200g
10002735V2_574,목심국거리-성남용인,중량(정육),한우(중량),
10002736V2_575,목심국거리용/조각,소,유기한우(냉장),유기/200g
10002737V2_576,목심살,돼지,보리살림(냉장),300g
10002738V2_576,목심살,돼지,보리살림(냉장),500g
10002739V2_576,목심살,돼지,보리살림돼지,600g/우리보리살림돼지
10002740V2_577,목욕때비누,세제/세안,세안비누,1장
10002741V2_578,목이버섯,버섯,목이버섯,200g
10002742V2_579,목초우유,유제품,우유/산양유,200ml
10002743V2_579,목초우유,유제품,우유/산양유,200ml*3병
10002744V2_579,목초우유,유제품,우유/산양유,900ml
10002745V2_579,목초우유,유제품,우유/산양유,900ml-쿠폰북행사
10002746V2_580,못난이개인접시,식기/편백,자기,
10002747V2_581,못난이뚜껑볼,식기/편백,자기,
10002748V2_582,못난이사과,과일,사과,2kg
10002749V2_583,못난이사과/무,과일,사과,1.5kg
10002750V2_584,못난이사과/유,과일,사과,1.5kg
10002751V2_585,몽블랑페스츄리,빵,페스츄리류,210g
10002752V2_585,몽블랑페스츄리,빵,페스츄리류,210g/
10002753V2_586,무,뿌리채소,무,0.7~1kg/토박이
10002754V2_586,무,뿌리채소,무,0.7~1kg미만
10002755V2_586,무,뿌리채소,무,1kg이상
10002756V2_586,무,뿌리채소,무,1kg이상/토박이
10002757V2_586,무,뿌리채소,무,400~600g
10002758V2_586,무,뿌리채소,무,500~700g
10002759V2_586,무,뿌리채소,무,600~800g/하품
10002760V2_586,무,뿌리채소,무,600~800g미만
10002761V2_586,무,뿌리채소,무,800g이상
10002762V2_586,무,뿌리채소,무,800g이상/하품
10002763V2_587,무농약사과즙,음료,과즙,1L
10002764V2_588,무말림,말린나물/건재,무말림(200g),200g
10002765V2_588,무말림,말린나물/건재,무말림(200g),가는것:200g
10002766V2_589,무말림무침,밑반찬,무침,200g
10002767V2_590,무쇠가마솥,식기/편백,무쇠,5인용
10002768V2_590,무쇠가마솥,식기/편백,무쇠,6인용
10002769V2_590,무쇠가마솥,식기/편백,무쇠,6인용/길들임
10002770V2_591,무쇠미니팬,식기/편백,무쇠,
10002771V2_591,무쇠미니팬,식기/편백,무쇠,길들임
10002772V2_592,무쇠삼겹살구이판,식기/편백,무쇠,길들임
10002773V2_593,무쇠프라이팬,식기/편백,무쇠,대
10002774V2_593,무쇠프라이팬,식기/편백,무쇠,대/길들임
10002775V2_593,무쇠프라이팬,식기/편백,무쇠,소/길들임
10002776V2_593,무쇠프라이팬,식기/편백,무쇠,중
10002777V2_593,무쇠프라이팬,식기/편백,무쇠,중/길들임
10002778V2_594,무순,잎/줄기채소,무순,40g
10002779V2_595,무시래기,말린나물/건재,무시래기(100g),100g
10002780V2_595,무시래기,말린나물/건재,무시래기(100g),삶지않은것:100g
10002781V2_596,무쌈,절임/장아찌,절임,300g
10002782V2_597,무장아찌,절임/장아찌,장아찌,500g
10002783V2_598,무화과,과일,무화과,600g
10002784V2_599,문장대생기차,음료,건강차,120ml
10002785V2_599,문장대생기차,음료,건강차,120ml*10봉
10002786V2_600,문장대오미자원액,음료,발효음료,700ml
10002787V2_600,문장대오미자원액,음료,발효음료,720㎖
10002788V2_601,물만두,밀가공,만두,500g
10002789V2_602,물사랑 구연산 섬유유연제,세제/세안,세탁비누,1.0ℓ
10002790V2_602,물사랑 구연산 섬유유연제,세제/세안,세탁비누,보충용:1.4ℓ
10002791V2_603,물사랑 산소계표백제,세제/세안,세탁비누,1kg
10002792V2_604,물사랑 세탁가루비누,세제/세안,세탁비누,2.5kg
10002793V2_605,물사랑 세탁조세정제,세제/세안,살균/세정/탈취,500㎖
10002794V2_606,물사랑 어린이치약,생활용품,치약/칫솔,딸기향
10002795V2_606,물사랑 어린이치약,생활용품,치약/칫솔,블루베리향
10002796V2_607,물사랑 온몸용물비누,세제/세안,바디,500㎖
10002797V2_607,물사랑 온몸용물비누,세제/세안,바디,보충용:400㎖
10002798V2_608,물사랑 주방용물비누,세제/세안,주방용비누,500㎖
10002799V2_608,물사랑 주방용물비누,세제/세안,주방용비누,기획/750㎖
10002800V2_608,물사랑 주방용물비누,세제/세안,주방용비누,보충용:1400㎖
10002801V2_609,물사랑 중성세제,세제/세안,세탁비누,1.5ℓ
10002802V2_609,물사랑 중성세제,세제/세안,세탁비누,보충용:1.4ℓ
10002803V2_610,물사랑 프로폴리치약,생활용품,치약/칫솔,130g*2개
10002804V2_611,물사랑 휴대용치약,생활용품,치약/칫솔,50g*2개
10002805V2_612,물사랑치약,생활용품,치약/칫솔,150g*2개
10002806V2_612,물사랑치약,생활용품,치약/칫솔,150g*2개-쿠폰북
10002807V2_613,미나리,잎/줄기채소,미나리,200g
10002808V2_614,미니단호박,열매채소,미니단호박,1개/대/450g이상
10002809V2_614,미니단호박,열매채소,미니단호박,1개/소/250g~300g
10002810V2_614,미니단호박,열매채소,미니단호박,1개/소/350~500g
10002811V2_614,미니단호박,열매채소,미니단호박,1개/중/300g~450g
10002812V2_614,미니단호박,열매채소,미니단호박,800g이상/2~3개
10002813V2_615,미니사과,과일,사과,500g
10002814V2_616,미니파운드케이크,빵,단과자빵,130g
10002815V2_617,미니파프리카,열매채소,파프리카,250g
10002816V2_618,미더덕,냉동수산,기타냉동수산,250g
10002817V2_619,미르25,전통주,증류주,전통소주/375ml
10002818V2_620,미르모음,전통주,증류주,전통소주/375ml*2병
10002819V2_621,미숫가루,식사대용,선식/생식,700g
10002820V2_622,미역,해조,미역/다시마,150g
10002821V2_623,미역다시마 선물모음,해조,미역/다시마,
10002822V2_624,미역줄기,해조,미역/다시마,300g
10002823V2_625,미온,전통주,리큐르/기타,맛술/300ml
10002824V2_626,미온모음,전통주,리큐르/기타,맛술/300ml*3병
10002825V2_627,민어전부침용,냉동수산,냉동생선,300g
10002826V2_628,밀랍/티라이트초리필,생활용품,환경용품,
10002827V2_629,밀랍초 만들기모음,생활용품,환경용품,
10002828V2_630,밀크팬/14㎝,식기/편백,스테인리스,
10002829V2_631,바로먹는닭가슴살,육가공,햄/소시지/훈제,200g
10002830V2_632,바로먹는카레,소스/기타양념,소스,220g
10002831V2_633,바삭바삭크래커,과자,스낵,80g
10002832V2_634,바삭한대추,과일,냉동건조과일,유/무:50g
10002833V2_635,바지락살,냉동수산,냉동패류,250g
10002834V2_636,바질,잎/줄기채소,바질,15g
10002835V2_637,반건조도루묵,냉동수산,냉동생선,600g
10002836V2_638,반디나물,잎/줄기채소,반디나물,150g/채소꾸러미용
10002837V2_638,반디나물,잎/줄기채소,반디나물,참나물개량종:150g
10002838V2_639,반마른오징어,건어물,오징어류,2마리:230g
10002839V2_640,반찬기4호세트,식기/편백,옹기,5개
10002840V2_641,반찬기5호세트,식기/편백,옹기,5개
10002841V2_642,발아녹미,유색미/발아미,발아미,800g
10002842V2_643,발아삼색미,유색미/발아미,발아미,800g
10002843V2_644,발아적미,유색미/발아미,발아미,800g
10002844V2_645,발아찹쌀현미,유색미/발아미,발아미,800g
10002845V2_646,발아현미,유색미/발아미,발아미,800g
10002846V2_647,발아흑미,유색미/발아미,발아미,800g
10002847V2_648,발효가시복분자잼,잼/병조림/기타,잼,300g
10002848V2_649,발효어성초 지성비누,세제/세안,세안비누,1장
10002849V2_650,발효황차,차,잎꽃차,30g
10002850V2_651,발효황차 모음,차,잎꽃차,30g*2봉
10002851V2_652,밤,견과,밤,200g_대보름
10002852V2_653,밤/무,견과,밤,1kg
10002853V2_654,밤/선물용,견과,밤,4kg
10002854V2_655,밤/유,견과,밤,1kg
10002855V2_655,밤/유,견과,밤,600g
10002856V2_656,밤빵,빵,단과자빵,165g/
10002857V2_657,밤콩/무,콩/화본/깨,콩,500g
10002858V2_658,밤콩/유,콩/화본/깨,콩,500g
10002859V2_659,밥풀과자,과자,스낵,120g
10002860V2_659,밥풀과자,과자,스낵,소:80g
10002861V2_660,방구리,식기/편백,옹기,소
10002862V2_661,방울무,뿌리채소,방울무,레디쉬/200g
10002863V2_662,방울양배추,잎/줄기채소,양배추,200g
10002864V2_663,방울유과,과자,한과/유과,70g
10002865V2_664,방울토마토/대추형,과일채소,방울토마토,1kg
10002866V2_664,방울토마토/대추형,과일채소,방울토마토,2kg
10002867V2_664,방울토마토/대추형,과일채소,방울토마토,500g
10002868V2_664,방울토마토/대추형,과일채소,방울토마토,500g:소
10002869V2_665,방풍나물,잎/줄기채소,방풍나물,150g
10002870V2_666,방풍장아찌,절임/장아찌,장아찌,400g
10002871V2_667,배,과일,배,대:3개
10002872V2_667,배,과일,배,소:3개
10002873V2_667,배,과일,배,중:3개
10002874V2_667,배,과일,배,특대:1개
10002875V2_668,배/,과일,배,대:5kg
10002876V2_669,배/무,과일,배,대:3개
10002877V2_669,배/무,과일,배,중:3개
10002878V2_670,배/선물용,과일,배,대:7.5kg
10002879V2_671,배/유,과일,배,대:3개
10002880V2_671,배/유,과일,배,소:3개
10002881V2_671,배/유,과일,배,중:3개
10002882V2_672,배농축액,소스/기타양념,기타양념,480g
10002883V2_672,배농축액,소스/기타양념,기타양념,480g/아름드리
10002884V2_673,배즙,음료,과즙,120ml/1봉
10002885V2_673,배즙,음료,과즙,1상자:120ml*30봉
10002886V2_674,배추,잎/줄기채소,배추,3포기
10002887V2_675,배추김치,김치,배추,2kg
10002888V2_676,백김치,김치,배추,2kg
10002889V2_677,백김치그릇,식기/편백,자기,분청
10002890V2_678,백미/유,멥쌀,멥쌀,1kg
10002891V2_678,백미/유,멥쌀,멥쌀,2kg
10002892V2_678,백미/유,멥쌀,멥쌀,2kg-쿠폰북행사
10002893V2_678,백미/유,멥쌀,멥쌀,4kg
10002894V2_678,백미/유,멥쌀,멥쌀,4kg-등급:상
10002895V2_678,백미/유,멥쌀,멥쌀,8kg
10002896V2_679,백미가래떡,떡,가래떡,400g
10002897V2_680,백미뻥과자,과자,스낵,55g
10002898V2_681,백숙용오리,닭/오리,무항생제오리,1.5kg
10002899V2_682,백숙용토종닭,닭/오리,토종닭,1마리
10002900V2_683,백숙용통닭,닭/오리,논지엠오닭,우리보리살림닭/0.85~1kg
10002901V2_683,백숙용통닭,닭/오리,무항생제닭,0.85~1kg
10002902V2_684,벌꿀채소액,건강일반,추출/농축액,120ml
10002903V2_684,벌꿀채소액,건강일반,추출/농축액,120ml*25봉
10002904V2_685,베타쌈배추,쌈채소류,베타쌈배추,150g
10002905V2_686,별꽃주머니,생활용품,기타생활용품,1장
10002906V2_687,병어,냉동수산,냉동생선,2~3마리/260g
10002907V2_688,보리,보리/혼합곡,보리,무/1kg
10002908V2_689,보리새우,건어물,기타건어류,150g
10002909V2_690,보리순,잎/줄기채소,보리순,100g
10002910V2_691,보리카스텔라,빵,단과자빵,220g
10002911V2_692,보쌈용,돼지,보리살림돼지,600g/우리보리살림돼지
10002912V2_693,보쌈용돼지고기,돼지,무항생제돼지,600g
10002913V2_694,보티브 꿀초,생활용품,환경용품,
10002914V2_695,보호용 꿀왁스,생활용품,환경용품,가구/가죽용
10002915V2_696,복분자/오미자원액모음,음료,발효음료,
10002916V2_697,복숭아,과일,복숭아,2kg
10002917V2_698,복숭아/무농약,과일,복숭아,2kg
10002918V2_699,복숭아잼,잼/병조림/기타,잼,280g
10002919V2_700,볶은소금,소금,가공소금,1kg
10002920V2_701,볶은알땅콩/무,견과,땅콩,300g
10002921V2_701,볶은알땅콩/무,견과,땅콩,400g
10002922V2_702,볶은왕소금,소금,가공소금,500g
10002923V2_703,볶은참깨,가루,양념가루,100g
10002924V2_703,볶은참깨,가루,양념가루,150g
10002925V2_704,볶은콩가루,가루,곡식가루,무/300g
10002926V2_705,볶은피땅콩,견과,땅콩,120g
10002927V2_705,볶은피땅콩,견과,땅콩,500g
10002928V2_706,볶은홍화씨,음료,건강차,400g
10002929V2_706,볶은홍화씨,음료,건강차,무/400g
10002930V2_707,볶음멸치,건어물,멸치류,300g
10002931V2_708,볶음멸치/상,건어물,멸치류,300g
10002932V2_709,볶음용생닭,닭/오리,논지엠오닭,900g
10002933V2_709,볶음용생닭,닭/오리,무항생제닭,냉장/900g
10002934V2_710,볶음용토종닭,닭/오리,토종닭,1kg
10002935V2_711,봄동,잎/줄기채소,봄동,500g
10002936V2_712,부숴먹는라면,과자,스낵,90g:1봉
10002937V2_712,부숴먹는라면,과자,스낵,박스:20봉
10002938V2_713,부채살로스-성남용인,중량(정육),한우(중량),
10002939V2_714,부추,잎/줄기채소,부추,200g
10002940V2_714,부추,잎/줄기채소,부추,300g
10002941V2_715,부추김치,김치,기타채소,300g
10002942V2_716,부침가루,가루,프리믹스,500g/무농약
10002943V2_716,부침가루,가루,프리믹스,500g/무-쿠폰북행사
10002944V2_717,분말청국장,장,장류/기타,270g
10002945V2_718,분쇄육,돼지,보리살림돼지,300g/우리보리살림돼지
10002946V2_719,불고기갈비양념,소스/기타양념,기타양념,270g
10002947V2_720,불고기구이판,식기/편백,옹기,
10002948V2_721,불고기양념/고추장모음,소스/기타양념,기타양념,
10002949V2_722,불고기양념소시지,육가공,햄/소시지/훈제,300g
10002950V2_722,불고기양념소시지,육가공,햄/소시지/훈제,300g-
10002951V2_723,불고기용,돼지,보리살림돼지,600g/우리보리살림돼지
10002952V2_723,불고기용,소,유기한우(냉장),유기/250g
10002953V2_724,불고기햄,육가공,햄/소시지/훈제,400g-
10002954V2_725,붉은대게,생물수산,패류/갑각류,2kg/5~6미
10002955V2_725,붉은대게,생물수산,패류/갑각류,350g*4미
10002956V2_725,붉은대게,생물수산,패류/갑각류,550g*3미
10002957V2_726,붉은대게 다리살,수산가공,게장/게살,100g
10002958V2_727,붉은대게 모듬살,수산가공,게장/게살,100g
10002959V2_728,붉은대게고운살,수산가공,게장/게살,240g
10002960V2_729,붉은새우젓,수산가공,젓갈/액젓,1.8kg
10002961V2_730,브로컬리,잎/줄기채소,브로컬리,1+1행사
10002962V2_730,브로컬리,잎/줄기채소,브로컬리,250g
10002963V2_730,브로컬리,잎/줄기채소,브로컬리,350g
10002964V2_731,브로컬리가루,가루,과채가루,80g
10002965V2_732,브로컬리곁순말림,말린나물/건재,기타,70g
10002966V2_733,브로콜리새우죽,식사대용,죽,220g
10002967V2_734,블루베리,과일,블루베리,500g
10002968V2_735,블루베리롤케이크,빵,"케이크,롤,선물",95g/조각롤
10002969V2_736,블루베리요구르트,유제품,요구르트,120ml
10002970V2_737,블루베리잼,잼/병조림/기타,잼,280g
10002971V2_738,블루베리진액,음료,발효음료,80ml*20봉
10002972V2_739,블루베리케이크,빵,"케이크,롤,선물",2호/18cm/550g
10002973V2_740,블루베리크림빵,빵,앙금크림빵,184g/
10002974V2_741,비가림감귤/유,과일,귤(비가림),대:3kg
10002975V2_742,비누주머니세트,세제/세안,주방용비누,3장
10002976V2_743,비름나물,잎/줄기채소,비름나물,200g
10002977V2_744,비빔냉면,밀가공,간편조리면,420g/2인분
10002978V2_745,비빔라면,밀가공,라면,140g:1봉
10002979V2_745,비빔라면,밀가공,라면,1묶음:4봉
10002980V2_746,비타X,생활용품,숯/원예,영양제
10002981V2_747,비타민고추,열매채소,비타민고추,1kg
10002982V2_747,비타민고추,열매채소,비타민고추,300g
10002983V2_748,비타민채소,잎/줄기채소,비타민채소,200g
10002984V2_749,뻘낙지,냉동수산,기타냉동수산,600g/3마리이상
10002985V2_750,뽕나무새순차,음료,건강차,100g
10002986V2_751,뽕나물,말린나물/건재,뽕잎나물(100g),냉동/300g
10002987V2_752,뽕잎가루,건강일반,분말/환,200g
10002988V2_753,뽕잎나물/무,말린나물/건재,뽕잎나물(100g),100g
10002989V2_754,뽕잎환,건강일반,분말/환,230g
10002990V2_755,사골고기곰국,육가공,식육추출가공,냉동:1.1kg
10002991V2_756,사골곰국,육가공,식육추출가공,냉동:1kg
10002992V2_757,사골꼬리곰국,육가공,식육추출가공,냉동:1.1kg
10002993V2_758,사과,과일,사과,2kg
10002994V2_758,사과,과일,사과,5kg
10002995V2_758,사과,과일,사과,5kg/홍옥
10002996V2_758,사과,과일,사과,소:2kg
10002997V2_758,사과,과일,사과,소:5kg
10002998V2_759,사과 선물용,과일,사과,5kg
10002999V2_760,사과 제수용,과일,사과,4개입
100021000V2_761,사과/,과일,사과,2kg/대
100021001V2_761,사과/,과일,사과,2kg/소
100021002V2_761,사과/,과일,사과,2kg/중
100021003V2_761,사과/,과일,사과,5kg/대
100021004V2_761,사과/,과일,사과,5kg/중
100021005V2_762,사과/무,과일,사과,1.5kg
100021006V2_763,사과/유,과일,사과,1.5kg
100021007V2_764,사과농축액,소스/기타양념,기타양념,480g
100021008V2_764,사과농축액,소스/기타양념,기타양념,500g
100021009V2_765,사과당근즙,음료,과즙,130ml
100021010V2_765,사과당근즙,음료,과즙,130ml*10봉
100021011V2_765,사과당근즙,음료,과즙,150ml
100021012V2_765,사과당근즙,음료,과즙,150ml*10개
100021013V2_766,사과대추,과일,생대추,500g
100021014V2_767,사과잼,잼/병조림/기타,잼,280g
100021015V2_767,사과잼,잼/병조림/기타,잼,480g
100021016V2_768,사과즙,음료,과즙,/한울:180ml
100021017V2_768,사과즙,음료,과즙,180ml*10병
100021018V2_768,사과즙,음료,과즙,620ml
100021019V2_769,사리면,밀가공,라면,100g
100021020V2_770,사태국거리-성남용인,중량(정육),한우(중량),
100021021V2_771,사태국거리용,소,유기한우(냉장),유기/200g
100021022V2_771,사태국거리용,소,한우(냉장),안심대안/200g
100021023V2_772,사태살,돼지,보리살림돼지,600g/우리보리살림돼지
100021024V2_773,삭힌고추무침,밑반찬,무침,200g
100021025V2_774,산골간장,장,간장,900ml
100021026V2_775,산골과채,음료,발효음료,700ml
100021027V2_776,산골된장,장,된장,900g
100021028V2_777,산골솔잎,음료,발효음료,700ml
100021029V2_778,산골쑥,음료,발효음료,700ml
100021030V2_779,산골인진쑥,음료,발효음료,700ml
100021031V2_780,산나물모음,잎/줄기채소,산나물모음,300g
100021032V2_780,산나물모음,잎/줄기채소,산나물모음,600g
100021033V2_781,산딸기,과일,산딸기,250g
100021034V2_781,산딸기,과일,산딸기,500g
100021035V2_782,산딸기녹차무슬린케이크,빵,"케이크,롤,선물",1호/550g
100021036V2_783,산수유진액,건강일반,추출/농축액,80ml*30봉
100021037V2_784,산야초,음료,발효음료,병:700ml
100021038V2_785,산양삼/7년근이상,뿌리채소,산양삼,3주
100021039V2_785,산양삼/7년근이상,뿌리채소,산양삼,5주
100021040V2_786,살치살로스-성남용인,중량(정육),한우(중량),
100021041V2_787,삶은고사리,말린나물/건재,삶은고사리/손질,200g
100021042V2_788,삶은무시래기,잎/줄기채소,삶은무시래기,200g
100021043V2_789,삶은문어,냉동수산,기타냉동수산,1kg
100021044V2_789,삶은문어,냉동수산,기타냉동수산,300g
100021045V2_789,삶은문어,냉동수산,기타냉동수산,500g
100021046V2_789,삶은문어,냉동수산,기타냉동수산,800g
100021047V2_790,삶은죽순,잎/줄기채소,죽순,냉동:500g
100021048V2_791,삶은찰옥수수,열매채소,찰옥수수,3개
100021049V2_792,삼각살로스-성남용인,중량(정육),한우(중량),
100021050V2_793,삼겹살,돼지,보리살림(냉장),300g
100021051V2_793,삼겹살,돼지,보리살림(냉장),500g
100021052V2_793,삼겹살,돼지,보리살림돼지,600g/우리보리살림돼지
100021053V2_793,삼겹살,중량(정육),돼지(중량),무항생제-성남용인
100021054V2_794,삼겹살구이-성남용인,중량(정육),돼지(중량),
100021055V2_795,삼계닭,닭/오리,논지엠오닭,우리보리살림닭/2마리
100021056V2_795,삼계닭,닭/오리,무항생제닭,2마리
100021057V2_796,삼계용생닭,닭/오리,무항생제닭,냉장/600g
100021058V2_797,삼계용토종닭,닭/오리,토종닭,1마리
100021059V2_798,삼계탕 재료모음,말린나물/건재,건재,100g
100021060V2_799,삼잎국화나물,잎/줄기채소,삼잎국화나물,200g
100021061V2_800,삼채잎,잎/줄기채소,삼채잎,200g
100021062V2_801,삼천포죽방멸치,건어물,멸치류,700g
100021063V2_802,삼치,냉동수산,냉동생선,토막:400g
100021064V2_803,상추,쌈채소류,상추,200g
100021065V2_803,상추,쌈채소류,상추,200g/재래종
100021066V2_804,상큼한감귤,음료,과즙,125ml*24개
100021067V2_804,상큼한감귤,음료,과즙,125ml*3개
100021068V2_804,상큼한감귤,음료,과즙,125ml*3개-쿠폰북
100021069V2_805,상큼한감귤&채소,음료,과즙,125ml*24개
100021070V2_805,상큼한감귤&채소,음료,과즙,125ml*3개
100021071V2_806,상큼한감귤&한라봉,음료,과즙,125ml*24개
100021072V2_806,상큼한감귤&한라봉,음료,과즙,125ml*3개
100021073V2_807,상큼한오곡꿀초,음료,음료기타,100g
100021074V2_807,상큼한오곡꿀초,음료,음료기타,100g*5봉
100021075V2_808,상큼한포도,음료,과즙,120ml
100021076V2_808,상큼한포도,음료,과즙,120ml*10봉
100021077V2_809,상황버섯/무,버섯,상황버섯,200g
100021078V2_810,새꼬막,생물수산,패류/갑각류,1kg
100021079V2_811,새송이버섯,버섯,새송이버섯,300g
100021080V2_812,새싹채소,잎/줄기채소,기타,50g
100021081V2_813,새우가루,수산가공,수산분말,100g
100021082V2_814,새우볶음밥,식사대용,식사대용/기타,300g
100021083V2_815,새우살,냉동수산,기타냉동수산,350g
100021084V2_816,새우육젓,수산가공,젓갈/액젓,250g
100021085V2_816,새우육젓,수산가공,젓갈/액젓,500g
100021086V2_817,새조개살,생물수산,패류/갑각류,/300g
100021087V2_818,샌드위치식빵,빵,"식빵, 식사대용",270g/
100021088V2_819,샐러드접시,식기/편백,자기,분청
100021089V2_819,샐러드접시,식기/편백,자기,진사
100021090V2_820,샐러리,잎/줄기채소,샐러리,200g
100021091V2_820,샐러리,잎/줄기채소,샐러리,200g/채소꾸러미용
100021092V2_821,생강,양념채소,생강,1kg
100021093V2_821,생강,양념채소,생강,300g
100021094V2_821,생강,양념채소,생강,토종/300g
100021095V2_822,생강가루,가루,과채가루,80g
100021096V2_823,생강차,차,절임차,460g
100021097V2_824,생강편강,건강일반,건강/기타,100g
100021098V2_825,생굴,생물수산,패류/갑각류,450g
100021099V2_826,생귀리가루,가루,곡식가루,무/300g
100021100V2_827,생기품은 린스,세제/세안,헤어,240g
100021101V2_827,생기품은 린스,세제/세안,헤어,500㎖
100021102V2_827,생기품은 린스,세제/세안,헤어,보충용:400㎖
100021103V2_828,생기품은 샴푸,세제/세안,헤어,500㎖
100021104V2_828,생기품은 샴푸,세제/세안,헤어,보충용:400㎖
100021105V2_828,생기품은 샴푸,세제/세안,헤어,순
100021106V2_829,생기품은 헤어칼라,세제/세안,헤어,옅은갈색
100021107V2_829,생기품은 헤어칼라,세제/세안,헤어,자연흑색
100021108V2_829,생기품은 헤어칼라,세제/세안,헤어,적빛갈색
100021109V2_830,생꽃소금,소금,천일염,500g
100021110V2_831,생대추,과일,생대추,500g
100021111V2_832,생도라지,뿌리채소,도라지,3년근/500g
100021112V2_833,생들기름,기름/식초,기름,160ml
100021113V2_834,생맥차,음료,건강차,150ml
100021114V2_834,생맥차,음료,건강차,150ml*10봉
100021115V2_835,생물가자미,생물수산,어류/연체류,200g
100021116V2_836,생물갈치,생물수산,어류/연체류,350g
100021117V2_837,생물고등어,생물수산,어류/연체류,450g*2마리
100021118V2_838,생물꽁치,생물수산,어류/연체류,4마리
100021119V2_839,생물낙지,생물수산,어류/연체류,1~2미/500g
100021120V2_839,생물낙지,생물수산,패류/갑각류,3~5미/600g
100021121V2_840,생물대구,생물수산,어류/연체류,1마리/토막
100021122V2_841,생물도다리,생물수산,어류/연체류,1마리/250g
100021123V2_842,생물문어,생물수산,어류/연체류,남해/1kg
100021124V2_843,생물민어,생물수산,어류/연체류,1마리/500g
100021125V2_844,생물병어,생물수산,어류/연체류,1~2마리/300g
100021126V2_845,생물아귀,생물수산,어류/연체류,반마리/750g
100021127V2_846,생물염장고등어,생물수산,어류/연체류,1마리
100021128V2_846,생물염장고등어,생물수산,어류/연체류,2마리
100021129V2_847,생물염장삼치,생물수산,어류/연체류,400g
100021130V2_848,생물오징어,생물수산,어류/연체류,10마리
100021131V2_848,생물오징어,생물수산,어류/연체류,2마리
100021132V2_849,생물전어,생물수산,어류/연체류,구이용/500g
100021133V2_850,생물조기,생물수산,어류/연체류,5~6미
100021134V2_851,생물주꾸미,생물수산,어류/연체류,800g
100021135V2_852,생물참돔,생물수산,어류/연체류,1마리/350g
100021136V2_853,생물청어,생물수산,어류/연체류,2마리/400g
100021137V2_854,생미역,생물수산,생물해조류,340g
100021138V2_855,생바지락살,생물수산,패류/갑각류,200g
100021139V2_856,생선구이판,식기/편백,옹기,
100021140V2_857,생쇠미역,생물수산,생물해조류,200g
100021141V2_858,생식,식사대용,선식/생식,120g:1봉
100021142V2_858,생식,식사대용,선식/생식,1kg
100021143V2_859,생알땅콩,견과,땅콩,무농약/500g
100021144V2_860,생오미자,과일,생오미자,3kg/무
100021145V2_860,생오미자,과일,생오미자,3kg/유
100021146V2_861,생채,쌈채소류,생채,150g
100021147V2_862,생취나물,잎/줄기채소,취나물,300g
100021148V2_863,생칡즙,건강일반,추출/농축액,140ml*10봉
100021149V2_864,생콩가루,가루,곡식가루,250g
100021150V2_865,생크림케이크,빵,"케이크,롤,선물",1호/16cm/560g
100021151V2_866,생토란줄기,잎/줄기채소,생토란줄기,500g
100021152V2_867,생톳,생물수산,생물해조류,200g
100021153V2_868,생통닭,닭/오리,논지엠오닭,900g
100021154V2_868,생통닭,닭/오리,무항생제닭,냉장/900g
100021155V2_869,생파래,생물수산,생물해조류,200g
100021156V2_870,생표고버섯,버섯,표고버섯,100g
100021157V2_870,생표고버섯,버섯,표고버섯,200g
100021158V2_870,생표고버섯,버섯,표고버섯,300g
100021159V2_871,생홍합,생물수산,패류/갑각류,900g
100021160V2_872,생홍합살,냉동수산,냉동패류,300g
100021161V2_873,생화분,꿀,꿀부산물,320g
100021162V2_874,생활살균수,세제/세안,살균/세정/탈취,300㎖
100021163V2_874,생활살균수,세제/세안,살균/세정/탈취,50㎖
100021164V2_875,샤브냄비/20㎝,식기/편백,스테인리스,
100021165V2_876,샤브냄비/24㎝,식기/편백,스테인리스,
100021166V2_877,서리콩,콩/화본/깨,콩,국산/500g
100021167V2_878,서리콩/국산,콩/화본/깨,콩,150g
100021168V2_879,서리콩/유,콩/화본/깨,콩,500g
100021169V2_880,서울뚝배기,식기/편백,옹기,
100021170V2_881,선물상자 1호,생활용품,상자,700㎖ 1병
100021171V2_882,선물상자 2호,생활용품,상자,700㎖×2병
100021172V2_883,선물상자 3호,생활용품,상자,500g×3병
100021173V2_884,선물상자 4호,생활용품,상자,900g×3병
100021174V2_885,선물용상자1,생활용품,상자,700ml용
100021175V2_886,선물용상자7,생활용품,상자,900g×2개
100021176V2_887,선비콩/무,콩/화본/깨,토종,500g
100021177V2_888,선비콩/유,콩/화본/깨,토종,150g
100021178V2_888,선비콩/유,콩/화본/깨,토종,500g
100021179V2_889,설도다짐육,소,한우(냉장),안심대안/200g
100021180V2_890,설도불고기-성남용인,중량(정육),한우(중량),
100021181V2_891,설도불고기용,소,한우(냉장),안심대안/300g
100021182V2_892,섬유용탈취제,세제/세안,살균/세정/탈취,400㎖
100021183V2_892,섬유용탈취제,세제/세안,살균/세정/탈취,보충용:400㎖
100021184V2_893,섬유유연제,세제/세안,세탁비누,"1,000㎖"
100021185V2_893,섬유유연제,세제/세안,세탁비누,보충용:800㎖
100021186V2_894,섬진강벚굴,생물수산,패류/갑각류,3kg
100021187V2_895,섬진강재첩국,수산가공,국/탕(수산),500g
100021188V2_896,성게알젓,수산가공,젓갈/액젓,100g
100021189V2_897,성미찹쌀고추장,장,고추장,900g
100021190V2_898,성이시돌목장자연치즈300g,유제품,치즈/기타,
100021191V2_899,세겹둥근휴지,생활용품,휴지,40m*18롤
100021192V2_900,세계지도,생활용품,기타생활용품,계피/한글
100021193V2_901,세또미,과일,귤만감,1.5kg
100021194V2_902,세반산자,과자,한과/유과,90g/5개
100021195V2_903,세발나물,잎/줄기채소,세발나물,200g
100021196V2_904,세칸나눔접시,식기/편백,자기,분청
100021197V2_905,세탁용고체비누,세제/세안,세탁비누,3장
100021198V2_906,세탁조 세정제,세제/세안,살균/세정/탈취,500㎖/기존용기
100021199V2_907,소고기동그랑땡,육가공,돈가스/분쇄가공,400g
100021200V2_907,소고기동그랑땡,육가공,돈가스/분쇄가공,제수용/800g
100021201V2_908,소고기뭇국,즉석조리,국.찌개,500g
100021202V2_909,소고기미역국,즉석조리,국.찌개,500g
100021203V2_910,소고기스프,식사대용,식사대용/기타,80g
100021204V2_911,소고기장조림,밑반찬,조림,230g
100021205V2_912,소고기채소죽,식사대용,죽,220g
100021206V2_913,소금선물모음,소금,가공소금,
100021207V2_914,소망 꿀초,생활용품,환경용품,
100021208V2_915,소면기,식기/편백,자기,분청
100021209V2_916,소보로단팥빵,빵,앙금크림빵,90g/
100021210V2_917,소보로빵,빵,단과자빵,75g/
100021211V2_918,소불고기볶음밥,식사대용,식사대용/기타,300g
100021212V2_919,솎은열무,잎/줄기채소,열무,200g
100021213V2_920,손수나눔그릇,식기/편백,자기,
100021214V2_921,손수낮은원형찬기,식기/편백,자기,소
100021215V2_921,손수낮은원형찬기,식기/편백,자기,중
100021216V2_922,손수면기,식기/편백,자기,
100021217V2_923,손잡이구이판,식기/편백,옹기,
100021218V2_924,손질갑오징어,냉동수산,기타냉동수산,350g
100021219V2_925,손질꽃게,냉동수산,기타냉동수산,500g
100021220V2_926,손질민어,냉동수산,냉동생선,450g
100021221V2_927,손질새우살,냉동수산,기타냉동수산,120g
100021222V2_928,솔뫼찹쌀고추장,장,고추장,450g
100021223V2_928,솔뫼찹쌀고추장,장,고추장,900g
100021224V2_929,솔부추,잎/줄기채소,솔부추,100g
100021225V2_930,솔잎분말,건강일반,분말/환,100g
100021226V2_931,솔치,건어물,기타건어류,청어/국물용/300g
100021227V2_931,솔치,건어물,기타건어류,청어/볶음용/300g
100021228V2_932,솜구름 순면 건티슈,생활용품,휴지,20매
100021229V2_933,솜구름 순면 물티슈,생활용품,휴지,60매
100021230V2_934,송이방울토마토,과일채소,방울토마토,2kg
100021231V2_935,송이블루베리,과일,블루베리,400g
100021232V2_936,쇠머리떡,떡,즉석떡,180g
100021233V2_937,쇠미역,해조,미역/다시마,300g
100021234V2_938,수국차,차,잎꽃차,20g
100021235V2_939,수박,과일채소,수박,극소:4~5kg
100021236V2_939,수박,과일채소,수박,대:7~8kg
100021237V2_939,수박,과일채소,수박,소:5~6kg
100021238V2_939,수박,과일채소,수박,중:6~7kg
100021239V2_939,수박,과일채소,수박,특:8kg이상
100021240V2_940,수세미액,건강일반,추출/농축액,유기/150ml*30봉
100021241V2_941,수수/국산,콩/화본/깨,화본,500g
100021242V2_942,수수/무,콩/화본/깨,화본,150g
100021243V2_942,수수/무,콩/화본/깨,화본,500g
100021244V2_943,수수/유,콩/화본/깨,화본,500g
100021245V2_944,수수가루,가루,곡식가루,무/300g
100021246V2_945,수저받침세트,식기/편백,자기,백자/4개
100021247V2_945,수저받침세트,식기/편백,자기,청자/4개
100021248V2_946,수정과,음료,음료기타,1000ml/동상면
100021249V2_947,수제비,밀가공,생숙면,500g
100021250V2_948,수제세안비누,세제/세안,세안비누,1장
100021251V2_949,수피아 기초2종모음/기존용기,화장품,기초화장품,
100021252V2_950,수피아 기초4종모음/기존용기,화장품,기초화장품,
100021253V2_951,수피아 꿀가득 영양팩,화장품,세안제/팩,
100021254V2_952,수피아 내츄럴 수분미스트토너,화장품,기초화장품,
100021255V2_953,수피아 내츄럴 수분에센셜크림,화장품,기초화장품,
100021256V2_954,수피아 내츄럴 수분채움 2종모음,화장품,기초화장품,
100021257V2_955,수피아 내츄럴 썬로션,화장품,유아/썬크림,50g
100021258V2_956,수피아 내츄럴 썬로션/기존용기,화장품,유아/썬크림,
100021259V2_957,수피아 내츄럴 썬크림,화장품,유아/썬크림,40g
100021260V2_958,수피아 내츄럴 썬크림/기존용기,화장품,유아/썬크림,
100021261V2_959,수피아 녹차 마스크팩,화장품,세안제/팩,1장
100021262V2_959,수피아 녹차 마스크팩,화장품,세안제/팩,5+1
100021263V2_959,수피아 녹차 마스크팩,화장품,세안제/팩,5장
100021264V2_960,수피아 누리봄 손크림,화장품,바디/핸드,50g
100021265V2_960,수피아 누리봄 손크림,화장품,바디/핸드,허브향/30g
100021266V2_961,수피아 누리봄 온몸용로션,화장품,바디/핸드,250㎖
100021267V2_962,수피아 누리봄 온몸용워시,세제/세안,바디,500㎖
100021268V2_962,수피아 누리봄 온몸용워시,세제/세안,바디,보충용:400㎖
100021269V2_963,수피아 마스크팩 3종모음,화장품,세안제/팩,
100021270V2_964,수피아 손세정제,세제/세안,바디,300㎖
100021271V2_964,수피아 손세정제,세제/세안,바디,보충용:500㎖
100021272V2_965,수피아 쌀겨 마스크팩,화장품,세안제/팩,1장
100021273V2_965,수피아 쌀겨 마스크팩,화장품,세안제/팩,5+1
100021274V2_965,수피아 쌀겨 마스크팩,화장품,세안제/팩,5장
100021275V2_966,수피아 알로에 마스크팩,화장품,세안제/팩,1장
100021276V2_966,수피아 알로에 마스크팩,화장품,세안제/팩,5+1
100021277V2_966,수피아 알로에 마스크팩,화장품,세안제/팩,5장
100021278V2_967,수피아 알로에베라잎즙 수딩젤,화장품,기초화장품,
100021279V2_968,수피아 여행용 세정세트,세제/세안,바디,3종
100021280V2_969,수피아 연 기초2종모음,화장품,기초화장품,
100021281V2_970,수피아 연 기초4종모음,화장품,기초화장품,
100021282V2_971,수피아 연 로션,화장품,기초화장품,140g
100021283V2_972,수피아 연 로션/기존용기,화장품,기초화장품,
100021284V2_973,수피아 연 스킨토너,화장품,기초화장품,140㎖
100021285V2_973,수피아 연 스킨토너,화장품,기초화장품,대용량/300㎖
100021286V2_974,수피아 연 스킨토너/기존용기,화장품,기초화장품,
100021287V2_975,수피아 연 에센스,화장품,기초화장품,50㎖
100021288V2_975,수피아 연 에센스,화장품,기초화장품,허니+
100021289V2_976,수피아 연 에센스/기존용기,화장품,기초화장품,
100021290V2_977,수피아 연 영양크림,화장품,기초화장품,50g
100021291V2_978,수피아 연 영양크림/기존용기,화장품,기초화장품,
100021292V2_979,수피아 유아로션,화장품,유아/썬크림,250㎖
100021293V2_980,수피아 유아샴푸앤바스,화장품,유아/썬크림,250㎖
100021294V2_981,수피아 유아샴푸앤바스/기존용기,화장품,유아/썬크림,
100021295V2_982,수피아 유아용 워시/로션모음,화장품,유아/썬크림,
100021296V2_983,수피아 캐모마일드 마스크팩,화장품,세안제/팩,1장
100021297V2_983,수피아 캐모마일드 마스크팩,화장품,세안제/팩,3장
100021298V2_984,수피아 해맑은 클렌징폼,화장품,세안제/팩,120㎖
100021299V2_985,숙주나물,콩나물,숙주나물,300g
100021300V2_986,순대,육가공,육포/기타,400g/한축식품
100021301V2_987,순두부,두부/유부,두부,300g
100021302V2_988,순두부찌개솥,식기/편백,옹기,
100021303V2_989,순무김치,김치,기타채소,1kg
100021304V2_990,순살가자미,냉동수산,냉동생선,200g/5~7조각
100021305V2_991,순살가자미가스,수산가공,수산가공반찬,300g
100021306V2_992,순살고등어,냉동수산,냉동생선,300g/4조각
100021307V2_993,순살광어,냉동수산,냉동생선,200g/3~4조각
100021308V2_994,순살광어가스,수산가공,수산가공반찬,300g
100021309V2_995,순살삼치,냉동수산,냉동생선,350g/4조각
100021310V2_996,순살참돔,냉동수산,냉동생선,200g/3~4조각
100021311V2_997,순수요거트,유제품,요구르트,450g
100021312V2_998,순쌀국수,밀가공,국수,500g
100021313V2_999,숲사랑 2겹둥근휴지,생활용품,휴지,12롤
100021314V2_1000,숲사랑 3겹둥근휴지,생활용품,휴지,18롤
100021315V2_1001,숲사랑 미용사각휴지,생활용품,휴지,3상자
100021316V2_1002,숲사랑 뽑아쓰는 주방휴지,생활용품,휴지,3상자
100021317V2_1003,숲사랑 주방휴지,생활용품,휴지,6롤
100021318V2_1004,스낵오이,열매채소,스낵오이,5개
100021319V2_1005,스마트쿡냄비세트,식기/편백,스테인리스,5p
100021320V2_1006,스테이크,중량(정육),한우(중량),설깃-성남용인
100021321V2_1007,스텐 밀폐용기 직사각 10호,식기/편백,스테인리스,
100021322V2_1008,스텐 밀폐용기 직사각 11호,식기/편백,스테인리스,
100021323V2_1009,스텐 밀폐용기 직사각 3호,식기/편백,스테인리스,
100021324V2_1010,스텐 밀폐용기 직사각 4호,식기/편백,스테인리스,
100021325V2_1011,스텐 밀폐용기 직사각 5호,식기/편백,스테인리스,
100021326V2_1012,스텐 밀폐용기 직사각 6호,식기/편백,스테인리스,
100021327V2_1013,스텐 밀폐용기 직사각 7호,식기/편백,스테인리스,
100021328V2_1014,스텐 밀폐용기 직사각 8호,식기/편백,스테인리스,
100021329V2_1015,스텐 밀폐용기 직사각 9호,식기/편백,스테인리스,
100021330V2_1016,스텐식기세트,식기/편백,스테인리스,20p
100021331V2_1017,스파게티,밀가공,간편조리면,620g/2인분
100021332V2_1018,스파게티소스,밀가공,간편조리면,180g
100021333V2_1019,슬라이스햄,육가공,햄/소시지/훈제,200g
100021334V2_1019,슬라이스햄,육가공,햄/소시지/훈제,200g-
100021335V2_1020,슬림 꿀초,생활용품,환경용품,10개
100021336V2_1021,시금치,잎/줄기채소,시금치,200g
100021337V2_1021,시금치,잎/줄기채소,시금치,300g
100021338V2_1022,시래기된장국,즉석조리,국.찌개,500g
100021339V2_1023,시루2호,식기/편백,옹기,
100021340V2_1024,식빵믹스,가루,프리믹스,365g
100021341V2_1025,신선초나물,잎/줄기채소,신선초,150g
100021342V2_1026,십전차,건강일반,추출/농축액,70ml*30봉
100021343V2_1027,싱싱통오징어,냉동수산,기타냉동수산,대/3미/채낚기
100021344V2_1027,싱싱통오징어,냉동수산,기타냉동수산,소/3마리
100021345V2_1027,싱싱통오징어,냉동수산,기타냉동수산,소/불가
100021346V2_1027,싱싱통오징어,냉동수산,기타냉동수산,소소/3미/채낚이
100021347V2_1027,싱싱통오징어,냉동수산,기타냉동수산,중/3미/채낚기
100021348V2_1027,싱싱통오징어,냉동수산,기타냉동수산,중소/3미/채낚기
100021349V2_1028,싸먹는감태,해조,기타해조류,10장
100021350V2_1029,쌀독25㎏,식기/편백,옹기,
100021351V2_1030,쌀독5㎏,식기/편백,옹기,
100021352V2_1031,쌀라면/김치맛,밀가공,라면,114g:1봉
100021353V2_1032,쌀로만든잉글리쉬머핀,빵,"식빵, 식사대용",66g×4개/
100021354V2_1033,쌀리카토니 파스타,밀가공,면/기타,1봉:350g
100021355V2_1034,쌀사랑국수,밀가공,국수,400g
100021356V2_1035,쌀사랑오색소면 선물모음,밀가공,국수,5종/각 300g
100021357V2_1036,쌀쉬폰,빵,단과자빵,270g
100021358V2_1037,쌀식빵,빵,"식빵, 식사대용",360g/
100021359V2_1038,쌀조청,소스/기타양념,기타양념,500g
100021360V2_1039,쌀튀김가루,가루,프리믹스,무/300g
100021361V2_1040,쌀핫도그빵,빵,"식빵, 식사대용",220g/
100021362V2_1041,쌈다시마,해조,미역/다시마,300g
100021363V2_1042,쌈배추,쌈채소류,쌈배추,800g
100021364V2_1043,쌈양상추,쌈채소류,쌈양상추,200g
100021365V2_1044,쌈장,장,장류/기타,250g
100021366V2_1045,쌈채소모음,쌈채소류,쌈채소모음,200g
100021367V2_1045,쌈채소모음,쌈채소류,쌈채소모음,200g/채소꾸러미용
100021368V2_1046,쌈케일,쌈채소류,쌈케일,150g
100021369V2_1047,쌍화차,건강일반,추출/농축액,70ml
100021370V2_1047,쌍화차,건강일반,추출/농축액,70ml*10봉
100021371V2_1047,쌍화차,건강일반,추출/농축액,70ml*30봉
100021372V2_1048,쑥,잎/줄기채소,쑥,200g
100021373V2_1049,쑥가루,가루,과채가루,100g
100021374V2_1050,쑥갓,잎/줄기채소,쑥갓,200g
100021375V2_1050,쑥갓,잎/줄기채소,쑥갓,200g/채소꾸러미용
100021376V2_1051,쑥개떡,떡,즉석떡,140g
100021377V2_1052,쑥인절미,떡,즉석떡,180g
100021378V2_1053,쑥찐빵,빵,"찐빵,호떡,전통",400g/5개/
100021379V2_1054,쑥향,차,잎꽃차,60g
100021380V2_1055,씀바귀,뿌리채소,씀바귀,200g
100021381V2_1056,씨암탉떡갈비,육가공,돈가스/분쇄가공,300g
100021382V2_1057,씨암탉치킨크로켓,육가공,돈가스/분쇄가공,270g
100021383V2_1058,아기순비누,세제/세안,세안비누,1장
100021384V2_1059,아로니아,과일,아로니아,1kg
100021385V2_1060,아로니아가루,가루,과채가루,100g
100021386V2_1061,아로니아즙,음료,과즙,720ml
100021387V2_1062,아로니아즙모음,음료,과즙,720ml*2병
100021388V2_1063,아마란스나물,잎/줄기채소,기타,200g
100021389V2_1064,아스파라거스,잎/줄기채소,아스파라거스,150g
100021390V2_1065,아욱,잎/줄기채소,아욱,300g
100021391V2_1066,아이스바딸기,유제품,아이스크림,75ml
100021392V2_1067,아이스바우유,유제품,아이스크림,75ml
100021393V2_1068,아주까리콩/무,콩/화본/깨,토종,500g
100021394V2_1069,아침빵,빵,"식빵, 식사대용",240g/8개/
100021395V2_1070,아카시아꿀,꿀,꿀,1.2kg
100021396V2_1070,아카시아꿀,꿀,꿀,460g
100021397V2_1071,아토로션,화장품,유아/썬크림,150㎖/기존용기
100021398V2_1072,아토워시,화장품,유아/썬크림,480㎖/기존용기
100021399V2_1073,아토크림,화장품,유아/썬크림,200g/기존용기
100021400V2_1073,아토크림,화장품,유아/썬크림,70g/기존용기
100021401V2_1074,안심,중량(정육),돼지(중량),무항생제-성남용인
100021402V2_1075,안심다짐육,돼지,보리살림(냉장),300g
100021403V2_1076,안심로스-성남용인,중량(정육),한우(중량),
100021404V2_1077,안심장조림-성남용인,중량(정육),돼지(중량),
100021405V2_1078,안심장조림용,돼지,보리살림(냉장),300g
100021406V2_1079,안창살-성남용인,중량(정육),한우(중량),
100021407V2_1080,앉은뱅이밀가루,가루,곡식가루,500g
100021408V2_1081,알갱이구죽염,소금,가공소금,100g
100021409V2_1082,알로에/베라,잎/줄기채소,알로에,700g이상
100021410V2_1083,알배기배추,잎/줄기채소,배추,1kg
100021411V2_1084,알비트,뿌리채소,알비트,300g
100021412V2_1084,알비트,뿌리채소,알비트,소/200g
100021413V2_1085,알타리무,뿌리채소,알타리무,2kg
100021414V2_1086,알토란,뿌리채소,알토란,300g
100021415V2_1087,앙크림큐브빵,빵,앙금크림빵,140g/
100021416V2_1088,앞다리,중량(정육),돼지(중량),무항생제-성남용인
100021417V2_1089,앞다리국거리용,소,한우(냉장),안심대안/400g
100021418V2_1090,앞다리보쌈용,돼지,무항생제(냉장),무항생제/300g
100021419V2_1090,앞다리보쌈용,돼지,보리살림(냉장),300g
100021420V2_1091,앞다리불고기-성남용인,중량(정육),돼지(중량),
100021421V2_1091,앞다리불고기-성남용인,중량(정육),한우(중량),
100021422V2_1092,앞다리불고기용,돼지,보리살림(냉장),300g
100021423V2_1093,앞다리살구이용,돼지,보리살림돼지,600g/우리보리살림돼지
100021424V2_1094,앞다리찌개용,돼지,무항생제(냉장),무항생제/300g
100021425V2_1094,앞다리찌개용,돼지,보리살림(냉장),300g
100021426V2_1095,애플수박,과일채소,수박,0.6~0.9kg
100021427V2_1095,애플수박,과일채소,수박,0.9~1.2kg
100021428V2_1095,애플수박,과일채소,수박,1.2kg이상
100021429V2_1096,애호박,열매채소,애호박,1개
100021430V2_1096,애호박,열매채소,애호박,2개
100021431V2_1096,애호박,열매채소,애호박,소:2개
100021432V2_1097,애호박말림,말린나물/건재,애호박말림,100g
100021433V2_1098,액상세제,세제/세안,세탁비누,2.5ℓ
100021434V2_1098,액상세제,세제/세안,세탁비누,보충용:2.1ℓ
100021435V2_1099,야콘,뿌리채소,야콘,20kg
100021436V2_1099,야콘,뿌리채소,야콘,2kg
100021437V2_1100,야콘즙,음료,음료기타,80ml
100021438V2_1100,야콘즙,음료,음료기타,80ml*30봉
100021439V2_1101,약과,과자,한과/유과,200g/18개
100021440V2_1102,약식,떡,즉석떡,180g
100021441V2_1103,얇은삼겹살,돼지,무항생제돼지,500g
100021442V2_1103,얇은삼겹살,돼지,보리살림돼지,500g/우리보리살림돼지
100021443V2_1104,양갱선물모음,과자,엿/양갱/기타,5종
100021444V2_1105,양귀냄비,식기/편백,옹기,대
100021445V2_1106,양귀냄비3호,식기/편백,옹기,
100021446V2_1107,양념갈치젓,수산가공,젓갈/액젓,200g
100021447V2_1108,양념고추장,소스/기타양념,기타양념,300g
100021448V2_1109,양념곱창,육가공,양념육,300g
100021449V2_1110,양념꼴뚜기젓,수산가공,젓갈/액젓,200g
100021450V2_1111,양념낙지젓,수산가공,젓갈/액젓,200g
100021451V2_1112,양념단지0.5ℓ,식기/편백,옹기,
100021452V2_1113,양념닭갈비,육가공,양념육,500g
100021453V2_1114,양념더덕,즉석조리,간편요리,200g
100021454V2_1115,양배추,잎/줄기채소,양배추,0.7~1kg
100021455V2_1115,양배추,잎/줄기채소,양배추,1통:1kg이상
100021456V2_1115,양배추,잎/줄기채소,양배추,500g~700g미만
100021457V2_1115,양배추,잎/줄기채소,양배추,절단:400g이상
100021458V2_1116,양배추가루,가루,과채가루,50g
100021459V2_1117,양배추브로콜리액,건강일반,추출/농축액,100ml*30봉
100021460V2_1118,양상추,잎/줄기채소,양상추,300g:1통
100021461V2_1119,양송이버섯,버섯,양송이버섯,140g
100021462V2_1119,양송이버섯,버섯,양송이버섯,300g
100021463V2_1120,양송이스프,식사대용,식사대용/기타,80g
100021464V2_1120,양송이스프,식사대용,식사대용/기타,80g*5개입
100021465V2_1121,양수냄비/18㎝,식기/편백,스테인리스,
100021466V2_1122,양수냄비/20㎝,식기/편백,스테인리스,
100021467V2_1123,양수냄비/24㎝,식기/편백,스테인리스,
100021468V2_1124,양지국거리-성남용인,중량(정육),한우(중량),
100021469V2_1125,양지국거리용,소,유기한우(냉장),유기/200g
100021470V2_1125,양지국거리용,소,한우(냉장),안심대안/200g
100021471V2_1126,양파,양념채소,양파,10kg
100021472V2_1126,양파,양념채소,양파,1kg
100021473V2_1126,양파,양념채소,양파,1kg:소
100021474V2_1126,양파,양념채소,양파,2kg
100021475V2_1126,양파,양념채소,양파,조생종/소/1kg
100021476V2_1126,양파,양념채소,양파,조생종:1kg
100021477V2_1126,양파,양념채소,양파,조생종:2kg
100021478V2_1127,양파베이글,빵,"식빵, 식사대용",85g/
100021479V2_1128,양파장아찌,절임/장아찌,장아찌,900g
100021480V2_1129,양파즙,음료,건강차,120ml*20봉
100021481V2_1129,양파즙,음료,건강차,120ml/1봉
100021482V2_1130,어간장모음,장,간장,420ml*2병
100021483V2_1131,어리굴젓,수산가공,젓갈/액젓,150g
100021484V2_1132,어린이달과자,과자,스낵,70g
100021485V2_1133,어린이주스,음료,과즙,150ml
100021486V2_1133,어린이주스,음료,과즙,150ml*10개
100021487V2_1134,어린이홍삼액,홍삼/녹용,홍삼,유기/60ml*30봉
100021488V2_1135,어린잎채소,잎/줄기채소,어린잎채소,100g
100021489V2_1136,얼갈이,잎/줄기채소,얼갈이,500g
100021490V2_1137,얼린숫꽃게,냉동수산,기타냉동수산,1kg
100021491V2_1138,얼린오징어,냉동수산,기타냉동수산,2마리/500g
100021492V2_1139,얼음식혜,음료,음료기타,1000ml/남농
100021493V2_1139,얼음식혜,음료,음료기타,1000ml/서정
100021494V2_1140,엄나무순,잎/줄기채소,기타,300g
100021495V2_1141,업진살로스-성남용인,중량(정육),한우(중량),
100021496V2_1142,에코백,생활용품,기타생활용품,대형/라벤더
100021497V2_1142,에코백,생활용품,기타생활용품,대형/부엉이
100021498V2_1142,에코백,생활용품,기타생활용품,대형/사슴
100021499V2_1142,에코백,생활용품,기타생활용품,대형/장미
100021500V2_1142,에코백,생활용품,기타생활용품,대형/허브
100021501V2_1142,에코백,생활용품,기타생활용품,대형/화살
100021502V2_1143,여름배추김치,김치,배추,10kg
100021503V2_1144,여행용화장지,생활용품,휴지,50장*4봉
100021504V2_1145,연근말림,말린나물/건재,연근말림,100g
100021505V2_1146,연근조림,밑반찬,조림,150g
100021506V2_1147,연근채,손질한채소,연근채/세척,300g
100021507V2_1148,연두부,두부/유부,두부,100g
100021508V2_1148,연두부,두부/유부,두부,300g
100021509V2_1149,연잎밥,식사대용,식사대용/기타,210g
100021510V2_1150,열무,잎/줄기채소,열무,1kg
100021511V2_1150,열무,잎/줄기채소,열무,500g
100021512V2_1151,열무얼갈이김치,김치,기타채소,1kg
100021513V2_1152,열무얼갈이물김치,김치,기타채소,1kg
100021514V2_1153,염장톳,해조,기타해조류,200g
100021515V2_1154,엿기름가루,가루,곡식가루,무/500g
100021516V2_1155,오가닉코튼 고중량 고급 매트,섬유,소품,터키석
100021517V2_1156,오가닉코튼 고중량 고급 목욕 수건,섬유,소품,네이비
100021518V2_1156,오가닉코튼 고중량 고급 목욕 수건,섬유,소품,터키석
100021519V2_1157,오가닉코튼 고중량 고급 수건,섬유,소품,내추럴
100021520V2_1157,오가닉코튼 고중량 고급 수건,섬유,소품,터키석
100021521V2_1158,오가닉코튼 기린 바디수트,섬유,영유아,75
100021522V2_1158,오가닉코튼 기린 바디수트,섬유,영유아,80
100021523V2_1158,오가닉코튼 기린 바디수트,섬유,영유아,90
100021524V2_1159,오가닉코튼 기린 배냇저고리,섬유,영유아,
100021525V2_1160,오가닉코튼 기린 상하복,섬유,영유아,100
100021526V2_1160,오가닉코튼 기린 상하복,섬유,영유아,80
100021527V2_1160,오가닉코튼 기린 상하복,섬유,영유아,90
100021528V2_1161,오가닉코튼 기린 속싸개,섬유,영유아,
100021529V2_1162,오가닉코튼 기린 손발싸개,섬유,영유아,
100021530V2_1163,오가닉코튼 기린 우주복,섬유,영유아,75
100021531V2_1163,오가닉코튼 기린 우주복,섬유,영유아,80
100021532V2_1163,오가닉코튼 기린 우주복,섬유,영유아,90
100021533V2_1164,오가닉코튼 기린 턱받이,섬유,영유아,
100021534V2_1165,오가닉코튼 내추럴 수건 세트,섬유,소품,3장
100021535V2_1166,오가닉코튼 라운드넥 반소매 티셔츠,섬유,성인,L/검정/남성
100021536V2_1166,오가닉코튼 라운드넥 반소매 티셔츠,섬유,성인,L/검정/여성
100021537V2_1166,오가닉코튼 라운드넥 반소매 티셔츠,섬유,성인,L/흰색/남성
100021538V2_1166,오가닉코튼 라운드넥 반소매 티셔츠,섬유,성인,L/흰색/여성
100021539V2_1166,오가닉코튼 라운드넥 반소매 티셔츠,섬유,성인,M/회색/남성
100021540V2_1166,오가닉코튼 라운드넥 반소매 티셔츠,섬유,성인,M/흰색/여성
100021541V2_1166,오가닉코튼 라운드넥 반소매 티셔츠,섬유,성인,XL/흰색/남성
100021542V2_1166,오가닉코튼 라운드넥 반소매 티셔츠,섬유,성인,XL/흰색/여성
100021543V2_1167,오가닉코튼 모슬린 다용도이불,섬유,침구,유아
100021544V2_1168,오가닉코튼 모슬린 담요,섬유,침구,4겹/맑은하늘색
100021545V2_1168,오가닉코튼 모슬린 담요,섬유,침구,4겹/연보라색
100021546V2_1168,오가닉코튼 모슬린 담요,섬유,침구,4겹/하늘색
100021547V2_1169,오가닉코튼 목화솜 누비패드,섬유,침구,더블/진한인디언핑크
100021548V2_1170,오가닉코튼 목화솜 이불속통,섬유,침구,수퍼싱글/봄가을용
100021549V2_1171,오가닉코튼 분홍 헤링본 수건 세트,섬유,소품,3장
100021550V2_1172,오가닉코튼 아기곰 배냇저고리,섬유,영유아,
100021551V2_1173,오가닉코튼 아기곰 신생아모자,섬유,영유아,
100021552V2_1174,오가닉코튼 아기곰 턱받이,섬유,영유아,
100021553V2_1175,오가닉코튼 아동용 레깅스,섬유,아동,110/검정
100021554V2_1175,오가닉코튼 아동용 레깅스,섬유,아동,110/민트
100021555V2_1175,오가닉코튼 아동용 레깅스,섬유,아동,140/멜란지그레이
100021556V2_1175,오가닉코튼 아동용 레깅스,섬유,아동,150/검정
100021557V2_1175,오가닉코튼 아동용 레깅스,섬유,아동,150/민트
100021558V2_1175,오가닉코튼 아동용 레깅스,섬유,아동,150/인디언핑크
100021559V2_1175,오가닉코튼 아동용 레깅스,섬유,아동,150/자연목화
100021560V2_1176,오가닉코튼 아동용 상하복,섬유,아동,70/네이비
100021561V2_1176,오가닉코튼 아동용 상하복,섬유,아동,70/인디언핑크
100021562V2_1176,오가닉코튼 아동용 상하복,섬유,아동,75/민트
100021563V2_1177,오가닉코튼 여성용 레깅스,섬유,성인,L/검정
100021564V2_1177,오가닉코튼 여성용 레깅스,섬유,성인,L/검정-정지예정품번
100021565V2_1177,오가닉코튼 여성용 레깅스,섬유,성인,L/멜란지그레이-정지예정
100021566V2_1177,오가닉코튼 여성용 레깅스,섬유,성인,L/진회색
100021567V2_1177,오가닉코튼 여성용 레깅스,섬유,성인,M/검정
100021568V2_1177,오가닉코튼 여성용 레깅스,섬유,성인,M/검정-정지예정품번
100021569V2_1177,오가닉코튼 여성용 레깅스,섬유,성인,M/멜란지그레이-정지예정
100021570V2_1177,오가닉코튼 여성용 레깅스,섬유,성인,M/진회색
100021571V2_1177,오가닉코튼 여성용 레깅스,섬유,성인,S/검정
100021572V2_1177,오가닉코튼 여성용 레깅스,섬유,성인,S/진회색
100021573V2_1177,오가닉코튼 여성용 레깅스,섬유,성인,XL/검정-정지예정품번
100021574V2_1178,오가닉코튼 유넥 반소매 티셔츠,섬유,성인,L/흰색/여성
100021575V2_1178,오가닉코튼 유넥 반소매 티셔츠,섬유,성인,M/흰색/여성
100021576V2_1178,오가닉코튼 유넥 반소매 티셔츠,섬유,성인,S/회색/여성
100021577V2_1178,오가닉코튼 유넥 반소매 티셔츠,섬유,성인,XL/흰색/여성
100021578V2_1179,오가닉코튼 캐미솔,섬유,성인,L/회색
100021579V2_1179,오가닉코튼 캐미솔,섬유,성인,L/흰색
100021580V2_1179,오가닉코튼 캐미솔,섬유,성인,M/검정
100021581V2_1179,오가닉코튼 캐미솔,섬유,성인,M/회색
100021582V2_1179,오가닉코튼 캐미솔,섬유,성인,M/흰색
100021583V2_1179,오가닉코튼 캐미솔,섬유,성인,XL/흰색
100021584V2_1180,오가닉코튼 트윌 요커버,섬유,침구,싱글/진회색
100021585V2_1181,오가닉코튼 푸른 헤링본 수건 세트,섬유,소품,3장
100021586V2_1182,오가닉코튼 회색 고리 수건 세트,섬유,소품,3장
100021587V2_1183,오가닉코튼 회색 수건 세트,섬유,소품,3장
100021588V2_1184,오가닉코튼선물상자,섬유,영유아,
100021589V2_1185,오가리전골솥,식기/편백,옹기,소
100021590V2_1185,오가리전골솥,식기/편백,옹기,중
100021591V2_1186,오가피,건강일반,건강차,300g
100021592V2_1187,오가피순,잎/줄기채소,오가피순,100g
100021593V2_1188,오곡명초,기름/식초,식초,300ml
100021594V2_1188,오곡명초,기름/식초,식초,500ml
100021595V2_1189,오곡명초모음,기름/식초,식초,500ml*2병
100021596V2_1190,오곡밥모음,보리/혼합곡,혼합곡,1kg
100021597V2_1191,오곡아침,식사대용,씨리얼,250g
100021598V2_1192,오곡찰밥,식사대용,식사대용/기타,210g
100021599V2_1193,오곡퐁,과자,스낵,150g
100021600V2_1194,오덕원찹쌀고추장,장,고추장,900g
100021601V2_1195,오리롤로스,닭/오리,무항생제오리,500g
100021602V2_1196,오리반마리,닭/오리,무항생제오리,무항생제/800g/토막
100021603V2_1197,오리양념불고기,육가공,양념육,500g
100021604V2_1198,오미로제 투게더,과실주,기타,와인/750ml
100021605V2_1199,오미자감식초,음료,음료기타,720ml
100021606V2_1200,오미자꽁꽁,음료,빙과,120ml
100021607V2_1201,오미자음료,음료,음료기타,150ml*10봉
100021608V2_1201,오미자음료,음료,음료기타,150ml/1봉
100021609V2_1202,오분도미/유,멥쌀,멥쌀,2kg
100021610V2_1202,오분도미/유,멥쌀,멥쌀,4kg
100021611V2_1202,오분도미/유,멥쌀,멥쌀,8kg
100021612V2_1203,오이,열매채소,오이,3개
100021613V2_1203,오이,열매채소,오이,50개
100021614V2_1203,오이,열매채소,오이,5개
100021615V2_1203,오이,열매채소,오이,하품/6개
100021616V2_1204,오이맛풋고추,열매채소,오이맛풋고추,200g
100021617V2_1205,오이소박이,김치,기타채소,500g
100021618V2_1206,오이지,절임/장아찌,장아찌,5~6개
100021619V2_1207,오이피클,절임/장아찌,절임,420g
100021620V2_1208,오징어동그랑어묵,어묵/묵,어묵,270g
100021621V2_1209,오징어땅콩볼,과자,스낵,100g
100021622V2_1210,오징어젓,수산가공,젓갈/액젓,250g
100021623V2_1211,오징어채,건어물,오징어류,200g
100021624V2_1212,오징어채무침,밑반찬,무침,250g
100021625V2_1213,옥돔,냉동수산,냉동생선,1마리/230g
100021626V2_1213,옥돔,냉동수산,냉동생선,2마리/340g
100021627V2_1214,옥돔선물모음,냉동수산,냉동생선,2kg
100021628V2_1215,옥수수과자,과자,스낵,32g
100021629V2_1216,옥수수병조림,잼/병조림/기타,병조림/기타,310g
100021630V2_1217,옥수수수염,말린나물/건재,건재,말린 것:60g
100021631V2_1218,옥수수차,차,곡류차,500g
100021632V2_1218,옥수수차,차,곡류차,무/500g
100021633V2_1219,옥수수튀밥,과자,스낵,100g
100021634V2_1220,옥수수플레이크,식사대용,씨리얼,300g
100021635V2_1221,옷장용탈취제,세제/세안,살균/세정/탈취,4g*6개
100021636V2_1222,옹기1호,식기/편백,옹기,
100021637V2_1223,옹기밥공기,식기/편백,옹기,6개
100021638V2_1224,옻칠 국자,식기/편백,옻칠,
100021639V2_1225,옻칠 다용도숟가락,식기/편백,옻칠,
100021640V2_1226,옻칠 도마,식기/편백,옻칠,대
100021641V2_1226,옻칠 도마,식기/편백,옻칠,소
100021642V2_1226,옻칠 도마,식기/편백,옻칠,중
100021643V2_1227,옻칠 둥근찬합,식기/편백,옻칠,
100021644V2_1228,옻칠 뒤집개,식기/편백,옻칠,
100021645V2_1229,옻칠 미니도마,식기/편백,옻칠,
100021646V2_1230,옻칠 밥주걱,식기/편백,옻칠,
100021647V2_1231,옻칠 볶음주걱,식기/편백,옻칠,
100021648V2_1232,옻칠 소형국자,식기/편백,옻칠,
100021649V2_1233,옻칠 소형뒤집개,식기/편백,옻칠,
100021650V2_1234,옻칠 수저,식기/편백,옻칠,대
100021651V2_1234,옻칠 수저,식기/편백,옻칠,대/선물용
100021652V2_1234,옻칠 수저,식기/편백,옻칠,소
100021653V2_1235,옻칠 요리용수저,식기/편백,옻칠,
100021654V2_1236,옻칠 잔모음,식기/편백,옻칠,5개
100021655V2_1237,옻칠 잼나이프,식기/편백,옻칠,
100021656V2_1238,옻칠 젓가락,식기/편백,옻칠,대
100021657V2_1238,옻칠 젓가락,식기/편백,옻칠,소
100021658V2_1239,옻칠 주발모음,식기/편백,옻칠,선물
100021659V2_1240,옻칠 튀김젓가락,식기/편백,옻칠,
100021660V2_1241,옻칠 티스푼,식기/편백,옻칠,
100021661V2_1242,옻칠 포크,식기/편백,옻칠,
100021662V2_1243,완두콩,열매채소,풋콩,1kg
100021663V2_1244,완숙토마토,과일채소,완숙토마토,1.8kg
100021664V2_1244,완숙토마토,과일채소,완숙토마토,1kg
100021665V2_1244,완숙토마토,과일채소,완숙토마토,2kg
100021666V2_1244,완숙토마토,과일채소,완숙토마토,소/2.5kg
100021667V2_1245,완숙토마토/즙용,과일채소,완숙토마토,2kg
100021668V2_1246,요구르트샐러드소스,소스/기타양념,소스,220ml
100021669V2_1247,요리용면주머니,생활용품,주방소품,대1
100021670V2_1247,요리용면주머니,생활용품,주방소품,"중1,소1"
100021671V2_1248,우동면,밀가공,생숙면,180g/1인분
100021672V2_1249,우둔살-성남용인,중량(정육),한우(중량),
100021673V2_1250,우둔장조림용,소,한우(냉장),안심대안/300g
100021674V2_1251,우리밀곡물와플,과자,스낵,80g
100021675V2_1252,우리밀라면,밀가공,라면,110g:1봉지
100021676V2_1252,우리밀라면,밀가공,라면,1상자:20봉
100021677V2_1253,우리밀롤케이크,빵,"케이크,롤,선물",600g
100021678V2_1254,우리밀보름달전병,과자,스낵,150g
100021679V2_1255,우리밀빵가루,가루,프리믹스,190g
100021680V2_1256,우리밀색동소면,밀가공,국수,400g
100021681V2_1257,우리밀생면,밀가공,생숙면,다용도:600g
100021682V2_1258,우리밀우동,밀가공,간편조리면,491g/2인분
100021683V2_1259,우리밀유정란전병,과자,스낵,150g
100021684V2_1260,우리밀채소쌀건빵,과자,스낵,120g
100021685V2_1261,우리밀칼국수,밀가공,국수,400g
100021686V2_1262,우리밀통밀국수,밀가공,국수,400g
100021687V2_1263,우리밀해물라면,밀가공,라면,114g:1봉지
100021688V2_1264,우리밀흰밀국수,밀가공,국수,400g
100021689V2_1265,우리보리살림돼지 갈비선물모음,돼지,보리살림돼지,2.4kg
100021690V2_1266,우리쌀맑은술,전통주,약주,375ml
100021691V2_1267,우리쌀차례주,전통주,약주,700ml
100021692V2_1268,우리콩간장,장,간장,475ml
100021693V2_1269,우리콩낫토,장,장류/기타,50g*2
100021694V2_1270,우리콩된장,장,된장,900g
100021695V2_1271,우뭇가사리묵,어묵/묵,묵,420g
100021696V2_1272,우엉,뿌리채소,우엉,300g
100021697V2_1273,우엉조림,밑반찬,조림,김밥용/150g
100021698V2_1273,우엉조림,밑반찬,조림,반찬용/150g
100021699V2_1274,우엉차,음료,뿌리차,70g
100021700V2_1275,우엉채,뿌리채소,우엉/손질,200g
100021701V2_1276,우유,유제품,우유/산양유,200ml
100021702V2_1276,우유,유제품,우유/산양유,900ml
100021703V2_1276,우유,유제품,우유/산양유,900ml-쿠폰북행사
100021704V2_1277,우유또띠아,밀가공,피자/핫도그,40g*10장
100021705V2_1278,우유식빵,빵,"식빵, 식사대용",180g
100021706V2_1278,우유식빵,빵,"식빵, 식사대용",180g/
100021707V2_1279,우족찜,육가공,식육추출가공,1100g
100021708V2_1280,울금,뿌리채소,울금,500g
100021709V2_1281,울금가루,가루,과채가루,50g
100021710V2_1282,울금삼계탕,육가공,식육추출가공,900g
100021711V2_1283,울릉도오징어,건어물,오징어류,2마리/120g
100021712V2_1284,울진대문어,냉동수산,기타냉동수산,500g
100021713V2_1285,울타리콩/무,콩/화본/깨,콩,500g
100021714V2_1286,월동무,뿌리채소,월동무,0.9~1.2kg
100021715V2_1286,월동무,뿌리채소,월동무,1.2kg이상
100021716V2_1286,월동무,뿌리채소,월동무,600~900g
100021717V2_1287,월앙매실,음료,발효음료,선물용/1L
100021718V2_1287,월앙매실,음료,발효음료,유기/700ml
100021719V2_1288,윈너소시지,육가공,햄/소시지/훈제,300g-
100021720V2_1289,유과꾸러미1,과자,한과/유과,1.2kg
100021721V2_1289,유과꾸러미1,과자,한과/유과,1.2kg/추천
100021722V2_1290,유과꾸러미2,과자,한과/유과,800g
100021723V2_1291,유기 궁중수저세트,식기/편백,전통유기,
100021724V2_1292,유기 사각접시,식기/편백,전통유기,대
100021725V2_1292,유기 사각접시,식기/편백,전통유기,소
100021726V2_1292,유기 사각접시,식기/편백,전통유기,중
100021727V2_1293,유기 어린이수저세트,식기/편백,전통유기,
100021728V2_1294,유기 연엽식기세트,식기/편백,전통유기,
100021729V2_1295,유기 오목식기세트,식기/편백,전통유기,
100021730V2_1296,유기 옥면기,식기/편백,전통유기,대
100021731V2_1297,유기 유아숟가락포크세트,식기/편백,전통유기,
100021732V2_1298,유기 찬기 2호,식기/편백,전통유기,
100021733V2_1299,유기 찬기 3호,식기/편백,전통유기,
100021734V2_1300,유기 찬기 4호,식기/편백,전통유기,
100021735V2_1301,유기 찬기 5호,식기/편백,전통유기,
100021736V2_1302,유기 타원접시,식기/편백,전통유기,대
100021737V2_1303,유기 티스푼세트,식기/편백,전통유기,
100021738V2_1304,유기 합비빔기,식기/편백,전통유기,대
100021739V2_1305,유기 합식기세트,식기/편백,전통유기,
100021740V2_1306,유기농 비정제설탕,소스/기타양념,기타양념,5kg
100021741V2_1307,유기농감잎차,차,잎꽃차,340ml
100021742V2_1308,유기농딸기우유,유제품,우유/산양유,200ml
100021743V2_1309,유기농블루베리아이스바,유제품,아이스크림,70ml
100021744V2_1310,유기농설탕,소스/기타양념,기타양념,1kg
100021745V2_1310,유기농설탕,소스/기타양념,기타양념,5kg
100021746V2_1311,유기농성이시돌목장우유,유제품,우유/산양유,900ml
100021747V2_1312,유기농순한발아보리차,차,곡류차,10g*18봉
100021748V2_1313,유기농아이스크림,유제품,아이스크림,기본형
100021749V2_1313,유기농아이스크림,유제품,아이스크림,녹차맛
100021750V2_1313,유기농아이스크림,유제품,아이스크림,딸기맛
100021751V2_1313,유기농아이스크림,유제품,아이스크림,블루베리맛
100021752V2_1314,유기농압착콩기름,기름/식초,기름,500ml
100021753V2_1315,유기농요거트딸기아이스크림,유제품,아이스크림,100ml
100021754V2_1316,유기농우유,유제품,우유/산양유,900ml
100021755V2_1317,유기농저지방우유,유제품,우유/산양유,900ml
100021756V2_1318,유기농토마토케찹,소스/기타양념,소스,250g
100021757V2_1319,유기농플레인요거트아이스크림,유제품,아이스크림,100ml
100021758V2_1320,유기배양토,생활용품,숯/원예,18ℓ
100021759V2_1320,유기배양토,생활용품,숯/원예,5ℓ
100021760V2_1321,유기보리차,차,곡류차,500g
100021761V2_1322,유기부추진액,건강일반,추출/농축액,80ml*30봉
100021762V2_1323,유기쌀선물모음,멥쌀,멥쌀,
100021763V2_1324,유기쌀올리고당,소스/기타양념,기타양념,440g
100021764V2_1324,유기쌀올리고당,소스/기타양념,기타양념,440g-쿠폰북
100021765V2_1325,유기한우등심순살,소,유기한우(냉장),유기/200g
100021766V2_1326,유기한우정육모음2호,소,유기한우,1.5kg
100021767V2_1327,유기한우찜갈비,소,유기한우,3kg
100021768V2_1328,유리뚜껑/24㎝,식기/편백,스테인리스,
100021769V2_1329,유리뚜껑/28㎝,식기/편백,스테인리스,
100021770V2_1330,유부,두부/유부,유부,70g
100021771V2_1331,유자주스,음료,과즙,1l
100021772V2_1332,유자차,차,절임차,1kg
100021773V2_1333,유자컵케이크,빵,단과자빵,4개:170g
100021774V2_1334,유자피낭시에,빵,단과자빵,90g:3개/
100021775V2_1335,유정란,알,논지엠오유정란,10알
100021776V2_1335,유정란,알,논지엠오유정란,30알
100021777V2_1335,유정란,알,유정란,10알
100021778V2_1335,유정란,알,유정란,10알/쿠폰북행사
100021779V2_1335,유정란,알,유정란,15알-쿠폰북행사
100021780V2_1335,유정란,알,유정란,30알
100021781V2_1336,유정란/초란,알,논지엠오유정란,30알
100021782V2_1336,유정란/초란,알,유정란,30알
100021783V2_1337,유정란/친환경,알,논지엠오유정란,10알
100021784V2_1337,유정란/친환경,알,논지엠오유정란,15알
100021785V2_1337,유정란/친환경,알,유정란,10알
100021786V2_1337,유정란/친환경,알,유정란,15알
100021787V2_1337,유정란/친환경,알,유정란,6알
100021788V2_1338,유채나물,잎/줄기채소,유채나물,300g
100021789V2_1339,육개장,육가공,식육추출가공,700g
100021790V2_1340,육수용면주머니,생활용품,주방소품,3장
100021791V2_1341,육수용한우곰국,육가공,식육추출가공,300g*3봉
100021792V2_1342,윤기품은 샴푸,세제/세안,헤어,500㎖
100021793V2_1342,윤기품은 샴푸,세제/세안,헤어,보충용:400㎖
100021794V2_1343,윤기품은 헤어에센스,세제/세안,헤어,50㎖/기존용기
100021795V2_1343,윤기품은 헤어에센스,세제/세안,헤어,70g
100021796V2_1344,율무/국산,콩/화본/깨,화본,500g
100021797V2_1345,율무/무,콩/화본/깨,화본,500g
100021798V2_1346,은행,견과,은행,500g
100021799V2_1347,이분도통밀쌀/토종밀,보리/혼합곡,보리,1kg
100021800V2_1348,이웃음치간칫솔 I형,생활용품,치약/칫솔,SS/0.8mm
100021801V2_1348,이웃음치간칫솔 I형,생활용품,치약/칫솔,SSS/0.7mm
100021802V2_1348,이웃음치간칫솔 I형,생활용품,치약/칫솔,SSSS/0.6mm
100021803V2_1349,이웃음칫솔,생활용품,치약/칫솔,부드러운모/성인용
100021804V2_1349,이웃음칫솔,생활용품,치약/칫솔,부드러운모/성인용-쿠폰북
100021805V2_1349,이웃음칫솔,생활용품,치약/칫솔,일반모/성인용
100021806V2_1349,이웃음칫솔,생활용품,치약/칫솔,작은헤드/부드러운모/성인용
100021807V2_1350,이웃음칫솔/아동용,생활용품,치약/칫솔,
100021808V2_1351,이중거즈면행주,생활용품,주방소품,3장
100021809V2_1352,이중거즈아가수건,생활용품,위생용품,7장
100021810V2_1353,"이팥찜질팩/목,어깨용",생활용품,기타생활용품,참숯
100021811V2_1353,"이팥찜질팩/목,어깨용",생활용품,기타생활용품,황토
100021812V2_1354,"이팥찜질팩/배,허리용",생활용품,기타생활용품,참숯
100021813V2_1354,"이팥찜질팩/배,허리용",생활용품,기타생활용품,황토
100021814V2_1355,인삼/수삼,뿌리채소,인삼,1채:750g
100021815V2_1356,인절미,떡,즉석떡,180g
100021816V2_1357,잎나라,생활용품,숯/원예,영양제
100021817V2_1358,잎마늘,잎/줄기채소,잎마늘,1kg/장아찌용
100021818V2_1358,잎마늘,잎/줄기채소,잎마늘,400g
100021819V2_1359,잎살림S,생활용품,숯/원예,병해예방
100021820V2_1360,자두/대석 외,과일,자두,2kg
100021821V2_1361,자두/대석외/소,과일,자두,2kg
100021822V2_1362,자두/추희,과일,자두,1kg
100021823V2_1362,자두/추희,과일,자두,2kg
100021824V2_1363,자두/추희/소,과일,자두,2kg
100021825V2_1364,자두/후무사 외,과일,자두,2kg
100021826V2_1365,자두/후무사외/소,과일,자두,2kg
100021827V2_1366,자른다시마,해조,미역/다시마,100g
100021828V2_1367,자른미역,해조,미역/다시마,50g
100021829V2_1368,자른미역귀,해조,미역/다시마,100g
100021830V2_1369,자배기,식기/편백,옹기,
100021831V2_1370,자색아스파라거스,잎/줄기채소,아스파라거스,150g
100021832V2_1371,자색양파,양념채소,자색양파,1kg
100021833V2_1371,자색양파,양념채소,자색양파,2kg
100021834V2_1372,자색양파즙,음료,건강차,120ml
100021835V2_1372,자색양파즙,음료,건강차,120ml*20봉
100021836V2_1373,자연그대로 거품세안제,화장품,세안제/팩,
100021837V2_1374,자연그대로 기초2종모음,화장품,기초화장품,
100021838V2_1375,자연그대로 남성2종모음,화장품,남성화장품,
100021839V2_1376,자연그대로 남성용로션,화장품,남성화장품,110㎖
100021840V2_1377,자연그대로 남성용스킨,화장품,남성화장품,110㎖
100021841V2_1378,자연그대로 녹차 트러블로션,화장품,기초화장품,
100021842V2_1379,자연그대로 녹차 트러블스팟,화장품,기초화장품,
100021843V2_1380,자연그대로 녹차 트러블토너,화장품,기초화장품,
100021844V2_1381,자연그대로 동백꽃 수분쿠션,화장품,색조화장품,기획/은은한베이지
100021845V2_1381,자연그대로 동백꽃 수분쿠션,화장품,색조화장품,기획/화사한베이지
100021846V2_1381,자연그대로 동백꽃 수분쿠션,화장품,색조화장품,리필/은은한베이지
100021847V2_1381,자연그대로 동백꽃 수분쿠션,화장품,색조화장품,리필/화사한베이지
100021848V2_1381,자연그대로 동백꽃 수분쿠션,화장품,색조화장품,은은한베이지
100021849V2_1381,자연그대로 동백꽃 수분쿠션,화장품,색조화장품,화사한베이지
100021850V2_1382,자연그대로 동백비비크림,화장품,색조화장품,은은한베이지/40㎖
100021851V2_1382,자연그대로 동백비비크림,화장품,색조화장품,화사한핑크/40㎖
100021852V2_1383,자연그대로 동백오일모음,화장품,기초화장품,
100021853V2_1384,자연그대로 로션,화장품,기초화장품,
100021854V2_1385,자연그대로 로즈마리 립밤,화장품,바디/핸드,
100021855V2_1386,자연그대로 립밤2종모음,화장품,바디/핸드,
100021856V2_1387,자연그대로 립스틱,화장품,색조화장품,코랄오렌지
100021857V2_1388,자연그대로 바디동백오일,화장품,바디/핸드,
100021858V2_1389,자연그대로 베이비썬크림,화장품,유아/썬크림,60㎖
100021859V2_1390,자연그대로 병풀잎 보습진정밤,화장품,기초화장품,
100021860V2_1391,자연그대로 비즈왁스 썬스틱,화장품,유아/썬크림,16g
100021861V2_1392,자연그대로 솝베리 클렌징오일,화장품,세안제/팩,
100021862V2_1392,자연그대로 솝베리 클렌징오일,화장품,세안제/팩,기획/250㎖
100021863V2_1393,자연그대로 솝베리 클렌징워터,화장품,세안제/팩,
100021864V2_1394,자연그대로 쌀겨 필링젤,화장품,세안제/팩,
100021865V2_1395,자연그대로 아이크림,화장품,기초화장품,
100021866V2_1396,자연그대로 아토로션,화장품,유아/썬크림,200㎖
100021867V2_1397,자연그대로 아토워시,화장품,유아/썬크림,500g
100021868V2_1398,자연그대로 아토크림,화장품,유아/썬크림,200g
100021869V2_1398,자연그대로 아토크림,화장품,유아/썬크림,70g
100021870V2_1399,자연그대로 에센스,화장품,기초화장품,
100021871V2_1400,자연그대로 에센스/기존용기,화장품,기초화장품,
100021872V2_1401,자연그대로 여행용 화장품,화장품,기초화장품,3종
100021873V2_1402,자연그대로 장미꽃 립밤,화장품,바디/핸드,
100021874V2_1403,자연그대로 크림,화장품,기초화장품,
100021875V2_1404,자연그대로 토너,화장품,기초화장품,
100021876V2_1405,자연그대로 판테놀 보송크림,화장품,유아/썬크림,
100021877V2_1406,자연그대로 페이스동백오일,화장품,기초화장품,
100021878V2_1407,자연산골뱅이,냉동수산,냉동패류,흑/500g
100021879V2_1407,자연산골뱅이,생물수산,패류/갑각류,소/1kg
100021880V2_1407,자연산골뱅이,생물수산,패류/갑각류,중/1kg
100021881V2_1408,자연산대하,냉동수산,기타냉동수산,400g/14미내외
100021882V2_1408,자연산대하,냉동수산,기타냉동수산,특대900g/14미내외
100021883V2_1409,자연산대하장,수산가공,게장/게살,400g/간장포함900g
100021884V2_1410,자연산돌다시마,해조,미역/다시마,250g
100021885V2_1411,자연산돌미역,해조,미역/다시마,100g
100021886V2_1412,자연산돌미역선물모음,해조,미역/다시마,800g
100021887V2_1413,자연산동죽,생물수산,패류/갑각류,500g
100021888V2_1414,자연산모시조개,생물수산,패류/갑각류,500g
100021889V2_1415,자연산바다장어,냉동수산,냉동생선,600g
100021890V2_1415,자연산바다장어,생물수산,어류/연체류,/냉장/600g
100021891V2_1416,자연산백합,생물수산,패류/갑각류,800g
100021892V2_1417,자연산우럭,냉동수산,냉동생선,토막/700g
100021893V2_1418,자연산전복,생물수산,패류/갑각류,2미/200g
100021894V2_1418,자연산전복,생물수산,패류/갑각류,500g/5~7미
100021895V2_1419,자연산참바지락,생물수산,패류/갑각류,350g
100021896V2_1419,자연산참바지락,생물수산,패류/갑각류,900g
100021897V2_1420,자연산해삼,생물수산,어류/연체류,/5~8미/500g
100021898V2_1420,자연산해삼,생물수산,어류/연체류,5~8미/500g
100021899V2_1421,자연산홍합,생물수산,패류/갑각류,1.5kg
100021900V2_1421,자연산홍합,생물수산,패류/갑각류,1kg
100021901V2_1422,자연품은 헤어칼라,세제/세안,헤어,자연흑갈색
100021902V2_1423,자원순환 텀블러,식기/편백,스테인리스,470ml
100021903V2_1424,자장가루,가루,양념가루,100g
100021904V2_1425,자장라면,밀가공,라면,124g:1봉
100021905V2_1426,자장면,밀가공,간편조리면,820g/2인분
100021906V2_1427,자장소스,밀가공,간편조리면,250g
100021907V2_1428,잔멸치,건어물,멸치류,300g
100021908V2_1429,잔멸치볶음,밑반찬,볶음,150g
100021909V2_1430,잡곡선물모음,보리/혼합곡,혼합곡,
100021910V2_1431,잡곡식빵,빵,"식빵, 식사대용",450g/
100021911V2_1432,잡채,즉석조리,간편요리,300g
100021912V2_1433,잡화꿀,꿀,꿀,1.2kg
100021913V2_1433,잡화꿀,꿀,꿀,460g
100021914V2_1434,잣,견과,잣,220g:1병
100021915V2_1434,잣,견과,잣,500g
100021916V2_1435,잣/호두선물모음,견과,잣,
100021917V2_1436,잣선물모음,견과,잣,
100021918V2_1437,장바구니,생활용품,주방소품,
100021919V2_1438,장어탕,즉석조리,국.찌개,500g
100021920V2_1439,장조림용,돼지,보리살림돼지,600g/우리보리살림돼지
100021921V2_1439,장조림용,소,유기한우(냉장),유기/250g
100021922V2_1440,재래닭유정란,알,재래닭유정란,10알
100021923V2_1441,재래종마늘/한지형/무,양념채소,마늘/재래종,대:500g
100021924V2_1441,재래종마늘/한지형/무,양념채소,마늘/재래종,소:500g
100021925V2_1442,재래종마늘/한지형/유,양념채소,마늘/재래종,대:1kg
100021926V2_1442,재래종마늘/한지형/유,양념채소,마늘/재래종,대:500g
100021927V2_1442,재래종마늘/한지형/유,양념채소,마늘/재래종,소:500g
100021928V2_1443,재래종중파,양념채소,재래종중파,500g
100021929V2_1443,재래종중파,양념채소,재래종중파,500g/우리씨앗살림농장
100021930V2_1444,저그,식기/편백,자기,1~2인용
100021931V2_1444,저그,식기/편백,자기,3~4인용
100021932V2_1445,저온숙성채소빵,빵,"식빵, 식사대용",170g/
100021933V2_1446,저지방우유,유제품,우유/산양유,900ml
100021934V2_1447,적미/유,유색미/발아미,유색미,1kg
100021935V2_1448,적양배추,잎/줄기채소,적양배추,1통:400~600g
100021936V2_1448,적양배추,잎/줄기채소,적양배추,1통:600g이상
100021937V2_1449,전골냄비,식기/편백,옹기,
100021938V2_1450,전골냄비/20㎝,식기/편백,스테인리스,
100021939V2_1451,전골냄비/24㎝,식기/편백,스테인리스,
100021940V2_1452,전복죽,식사대용,죽,220g
100021941V2_1453,절단무,뿌리채소,월동무,1kg 이상
100021942V2_1453,절단무,뿌리채소,월동무,600g~1kg
100021943V2_1454,절편,떡,즉석떡,170g
100021944V2_1455,젓가락세트,식기/편백,옻칠,색칠/4개
100021945V2_1456,정제죽초액,생활용품,숯/원예,500㎖
100021946V2_1457,젖병세정제,세제/세안,주방용비누,480㎖
100021947V2_1458,제비추리-성남용인,중량(정육),한우(중량),
100021948V2_1459,제수용병어,냉동수산,냉동생선,300g
100021949V2_1459,제수용병어,냉동수산,냉동생선,350g
100021950V2_1459,제수용병어,냉동수산,냉동생선,450g
100021951V2_1459,제수용병어,냉동수산,냉동생선,500g
100021952V2_1460,제수용참조기,냉동수산,냉동생선,150g
100021953V2_1460,제수용참조기,냉동수산,냉동생선,175g
100021954V2_1461,제주백조기 모듬어묵,어묵/묵,어묵,210g
100021955V2_1462,제주백조기 어묵,어묵/묵,어묵,120g
100021956V2_1463,제주백조기 찐어묵,어묵/묵,어묵,120g
100021957V2_1464,제주순메밀국수,밀가공,국수,500g
100021958V2_1465,제주자반,냉동수산,냉동생선,2마리/600g
100021959V2_1466,제주전통어간장,장,간장,420ml
100021960V2_1466,제주전통어간장,장,간장,500ml
100021961V2_1467,조랭이떡,떡,가래떡,유기/500g
100021962V2_1467,조랭이떡,떡,가래떡,유기/800g
100021963V2_1468,조미유부,두부/유부,유부,145g:14매
100021964V2_1469,조선간장,장,간장,900ml
100021965V2_1470,조선된장,장,된장,900g
100021966V2_1471,조선오이,열매채소,조선오이,3개
100021967V2_1472,종이가방,생활용품,상자,대/320*390*115
100021968V2_1472,종이가방,생활용품,상자,선물용/대
100021969V2_1472,종이가방,생활용품,상자,선물용/소
100021970V2_1472,종이가방,생활용품,상자,선물용/중
100021971V2_1472,종이가방,생활용품,상자,중/230*350*120
100021972V2_1473,주꾸미,냉동수산,기타냉동수산,500g
100021973V2_1474,주머니속홍삼정,홍삼/녹용,홍삼,10ml*10봉
100021974V2_1474,주머니속홍삼정,홍삼/녹용,홍삼,10ml*10봉*3박스
100021975V2_1475,주먹밥채소,밑반찬,김가공,36g
100021976V2_1476,주먹밥채소&해물,밑반찬,김가공,36g
100021977V2_1477,주먹밥해물,밑반찬,김가공,36g
100021978V2_1478,주방수건,생활용품,주방소품,소
100021979V2_1479,주방용살균수,세제/세안,살균/세정/탈취,400㎖
100021980V2_1479,주방용살균수,세제/세안,살균/세정/탈취,보충용
100021981V2_1479,주방용살균수,세제/세안,살균/세정/탈취,보충용:400㎖
100021982V2_1479,주방용살균수,세제/세안,살균/세정/탈취,용기
100021983V2_1480,죽염,소금,가공소금,500g
100021984V2_1481,중파,양념채소,중파,300g
100021985V2_1481,중파,양념채소,중파,500g
100021986V2_1481,중파,양념채소,중파,700g
100021987V2_1482,중하새우,건어물,기타건어류,150g
100021988V2_1483,쥐눈이콩,콩/화본/깨,콩,국산/500g
100021989V2_1484,쥐눈이콩 분말청국장,장,장류/기타,270g
100021990V2_1485,쥐눈이콩 환청국장,장,장류/기타,270g
100021991V2_1486,쥐눈이콩/무,콩/화본/깨,콩,500g
100021992V2_1487,쥐눈이콩/유,콩/화본/깨,콩,500g
100021993V2_1488,쥬키니호박,열매채소,애호박,1개
100021994V2_1489,쥬키니호박말림,말린나물/건재,애호박말림,100g
100021995V2_1490,즙용브로컬리잎,잎/줄기채소,즙용브로컬리,500g
100021996V2_1491,즙용신선초,잎/줄기채소,신선초,500g
100021997V2_1492,즙용케일,잎/줄기채소,케일,500g
100021998V2_1493,증편,떡,즉석떡,120g
100021999V2_1494,진간장,장,간장,900ml-원액간장
100022000V2_1495,진달래,생활용품,숯/원예,해충방제
100022001V2_1496,진지향/무,과일,귤만감,2kg
100022002V2_1497,진지향/유,과일,귤만감,2kg
100022003V2_1498,진팝콘,과자,스낵,50g
100022004V2_1499,짜먹는배도라지청,건강일반,추출/농축액,10g*15봉
100022005V2_1500,짜먹는배도라지청모음,건강일반,추출/농축액,10g*15봉*2박스
100022006V2_1501,짜지않은볶음멸치,건어물,멸치류,120g
100022007V2_1502,짜지않은잔멸치,건어물,멸치류,120g
100022008V2_1503,쪽파,양념채소,쪽파,500g
100022009V2_1503,쪽파,양념채소,쪽파,700g
100022010V2_1504,쫄면,밀가공,간편조리면,490g/2인분
100022011V2_1505,쫄면사리,밀가공,생숙면,175gx3개
100022012V2_1506,찌개용두부,두부/유부,두부,420g
100022013V2_1506,찌개용두부,두부/유부,두부,420g-쿠폰북행사
100022014V2_1507,찌개용앞다리/조각,돼지,보리살림돼지,300g/우리보리살림돼지
100022015V2_1508,찜갈비,돼지,보리살림돼지,1kg/우리보리살림돼지
100022016V2_1509,찜갈비-성남용인,중량(정육),돼지(중량),
100022017V2_1510,찜틀/28㎝,식기/편백,스테인리스,
100022018V2_1511,차돌박이-성남용인,중량(정육),한우(중량),
100022019V2_1512,차례상산자,과자,한과/유과,150g/3개
100022020V2_1513,차례상약과,과자,한과/유과,350g/10개
100022021V2_1514,차조/국산,콩/화본/깨,화본,150g
100022022V2_1515,차조/무,콩/화본/깨,화본,500g
100022023V2_1516,차조/유,콩/화본/깨,화본,500g
100022024V2_1517,찰보리,보리/혼합곡,보리,국산/1kg
100022025V2_1518,찰보리/무,보리/혼합곡,보리,1kg
100022026V2_1519,찰보리/유,보리/혼합곡,보리,1kg
100022027V2_1520,찰보리호떡,빵,"찐빵,호떡,전통",190g/4개/
100022028V2_1521,찰옥수수,열매채소,찰옥수수,10개
100022029V2_1521,찰옥수수,열매채소,찰옥수수,5개
100022030V2_1521,찰옥수수,열매채소,찰옥수수,토종:5개
100022031V2_1522,찰옥수수쌀/유,콩/화본/깨,콩,500g
100022032V2_1523,찰옥수수퐁,과자,스낵,100g
100022033V2_1524,참.들기름/볶은참깨모음,기름/식초,기름,
100022034V2_1525,참가죽무침,절임/장아찌,장아찌,240g
100022035V2_1526,참기름,기름/식초,기름,160ml
100022036V2_1526,참기름,기름/식초,기름,330ml
100022037V2_1527,참기름.들기름모음,기름/식초,기름,각1병
100022038V2_1528,참기름모음,기름/식초,기름,330ml*2병
100022039V2_1529,참김,해조,김,50장
100022040V2_1530,참깨/국산,콩/화본/깨,깨,300g
100022041V2_1531,참깨/무,콩/화본/깨,깨,300g
100022042V2_1532,참깨/유,콩/화본/깨,깨,300g
100022043V2_1533,참깨샐러드소스,소스/기타양념,소스,220ml
100022044V2_1534,참다래,과일,참다래,골드:2kg
100022045V2_1534,참다래,과일,참다래,골드:800g
100022046V2_1534,참다래,과일,참다래,그린:2kg
100022047V2_1534,참다래,과일,참다래,그린:800g
100022048V2_1534,참다래,과일,참다래,레드:800g
100022049V2_1535,참다래잼,잼/병조림/기타,잼,280g
100022050V2_1536,참돔,냉동수산,냉동생선,대/700g이상
100022051V2_1536,참돔,냉동수산,냉동생선,중/500g이상
100022052V2_1537,참맛가루/혼합조미료,수산가공,수산분말,100g
100022053V2_1538,참맛핫도그,밀가공,피자/핫도그,200g
100022054V2_1539,참새우젓,수산가공,젓갈/액젓,500g
100022055V2_1540,참소라,생물수산,패류/갑각류,1.5kg
100022056V2_1541,참숯,생활용품,숯/원예,2kg
100022057V2_1541,참숯,생활용품,숯/원예,500g
100022058V2_1542,참외,과일채소,참외,1kg
100022059V2_1542,참외,과일채소,참외,2kg
100022060V2_1542,참외,과일채소,참외,4kg
100022061V2_1543,참외/소,과일채소,참외,1.2kg
100022062V2_1544,참조기,냉동수산,냉동생선,3마리/450g
100022063V2_1544,참조기,냉동수산,냉동생선,대/3마리/330g
100022064V2_1544,참조기,냉동수산,냉동생선,소/5마리/300g
100022065V2_1544,참조기,냉동수산,냉동생선,중/3마리/240g
100022066V2_1544,참조기,냉동수산,냉동생선,중/5마리/450g
100022067V2_1545,찹쌀가루,가루,곡식가루,500g
100022068V2_1546,찹쌀누룽지,과자,스낵,300g
100022069V2_1547,찹쌀떡가루,가루,프리믹스,540g
100022070V2_1548,찹쌀막걸리,전통주,탁주,750ml
100022071V2_1549,찹쌀모나카선물모음,과자,스낵,360g/12개입
100022072V2_1550,찹쌀백미/유,찹쌀,찹쌀,1kg
100022073V2_1550,찹쌀백미/유,찹쌀,찹쌀,2kg
100022074V2_1550,찹쌀백미/유,찹쌀,찹쌀,4kg
100022075V2_1551,찹쌀유과,과자,한과/유과,120g
100022076V2_1552,찹쌀탕수육,육가공,돈가스/분쇄가공,"탕수육300g,소스200g"
100022077V2_1553,찹쌀현미/유,찹쌀,찹쌀,2kg
100022078V2_1553,찹쌀현미/유,찹쌀,찹쌀,4kg
100022079V2_1554,찹쌀현미엿강정,과자,한과/유과,80g
100022080V2_1555,찹쌀호떡가루,가루,프리믹스,540g
100022081V2_1556,창난젓,수산가공,젓갈/액젓,250g
100022082V2_1557,창포샴푸비누,세제/세안,헤어,1장
100022083V2_1557,창포샴푸비누,세제/세안,헤어,기획/135g
100022084V2_1558,채끝로스-성남용인,중량(정육),한우(중량),
100022085V2_1559,채도라지,뿌리채소,도라지/손질,150g
100022086V2_1560,채소교자만두,밀가공,만두,500g
100022087V2_1561,채소꾸러미,잎/줄기채소,기타,
100022088V2_1562,채소볶음밥,식사대용,식사대용/기타,300g
100022089V2_1563,채소쌀과자,과자,스낵,32g
100022090V2_1564,채소액,건강일반,추출/농축액,유기/150ml*30봉
100022091V2_1565,채소카스텔라,빵,단과자빵,110g
100022092V2_1566,채소품은빵,빵,조리빵,85g/
100022093V2_1567,채소품은쌀과자,과자,스낵,40g
100022094V2_1568,채식카레,가루,양념가루,100g
100022095V2_1569,채심,잎/줄기채소,채심,300g
100022096V2_1570,채썬갑오징어,냉동수산,기타냉동수산,200g
100022097V2_1571,채썬오징어,냉동수산,기타냉동수산,400g
100022098V2_1572,천사맘아기용세제_성남용인,세제/세안,세탁비누,
100022099V2_1573,천연수세미,생활용품,주방소품,
100022100V2_1574,천연양념모음,수산가공,수산분말,
100022101V2_1575,천향 꿀과황비누 2종모음,세제/세안,세안비누,
100022102V2_1576,천향 수제비누 3종모음,세제/세안,세안비누,
100022103V2_1577,천향 수제비누 4종모음,세제/세안,세안비누,
100022104V2_1578,천혜향/무,과일,귤만감,2kg
100022105V2_1579,천혜향/유,과일,귤만감,2kg
100022106V2_1580,"천혜향/유,무",과일,귤만감,소:2kg
100022107V2_1581,첫물차,차,잎꽃차,30g
100022108V2_1582,청갓,김장채소,청갓,김장/1kg
100022109V2_1583,청견/유,과일,귤만감,2kg
100022110V2_1584,청경채,잎/줄기채소,청경채,200g
100022111V2_1584,청경채,잎/줄기채소,청경채,200g/채소꾸러미용
100022112V2_1585,청국장,장,장류/기타,150g
100022113V2_1586,청매실,과일,청매실,유/5kg/장아찌용
100022114V2_1586,청매실,과일,청매실,유/5kg/장아찌용/일반
100022115V2_1586,청매실,과일,청매실,유/5kg/효소용
100022116V2_1586,청매실,과일,청매실,유/5kg/효소용/일반
100022117V2_1587,청매실2,과일,청매실,5kg/유
100022118V2_1588,청명차,건강일반,추출/농축액,70ml*30봉
100022119V2_1589,청양고추,열매채소,청양고추,100g
100022120V2_1589,청양고추,열매채소,청양고추,200g
100022121V2_1590,청어과메기,냉동수산,기타냉동수산,냉동/10마리/20쪽
100022122V2_1591,청포도/무,과일,포도(혼합포도),1.5kg
100022123V2_1592,청포도/유,과일,포도(혼합포도),1.5kg
100022124V2_1593,청포묵,어묵/묵,묵,420g
100022125V2_1594,체다치즈,유제품,치즈/기타,100g
100022126V2_1595,초고추장,소스/기타양념,기타양념,300g
100022127V2_1596,초석잠,뿌리채소,초석잠,300g
100022128V2_1597,초절임고추,절임/장아찌,절임,0.9kg
100022129V2_1598,총각김치,김치,무,1kg
100022130V2_1599,취나물말림,말린나물/건재,참취나물말림,60g
100022131V2_1600,취청오이,열매채소,취청오이,3개
100022132V2_1601,치마살로스-성남용인,중량(정육),한우(중량),
100022133V2_1602,치약/칫솔 선물모음,생활용품,치약/칫솔,
100022134V2_1603,치즈돈가스,육가공,돈가스/분쇄가공,300g
100022135V2_1604,치커리,잎/줄기채소,치커리,100g
100022136V2_1605,친환경 볏짚탄,생활용품,기타생활용품,
100022137V2_1606,칠분도미/유,멥쌀,멥쌀,2kg
100022138V2_1606,칠분도미/유,멥쌀,멥쌀,4kg
100022139V2_1607,칡,건강일반,뿌리차,말린 것:200g
100022140V2_1608,카레,가루,양념가루,매운맛: 100g
100022141V2_1608,카레,가루,양념가루,순한맛:100g
100022142V2_1609,카레짜장용,소,유기한우(냉장),유기/250g
100022143V2_1610,카스텔라,빵,단과자빵,소:100g
100022144V2_1610,카스텔라,빵,단과자빵,소:100g/
100022145V2_1611,카스텔라인절미,떡,즉석떡,180g
100022146V2_1612,칼라방울토마토,과일채소,방울토마토,500g
100022147V2_1613,캐모마일,차,잎꽃차,15g
100022148V2_1614,커스터드큐브빵,빵,앙금크림빵,135g/
100022149V2_1615,커피드리퍼,식기/편백,자기,1~2인용
100022150V2_1615,커피드리퍼,식기/편백,자기,3~4인용
100022151V2_1616,코다리,냉동수산,냉동생선,2마리/550g
100022152V2_1616,코다리,냉동수산,냉동생선,토막/400g
100022153V2_1617,코다리조림,즉석조리,간편요리,500g
100022154V2_1618,콜라비,뿌리채소,콜라비,1kg
100022155V2_1618,콜라비,뿌리채소,콜라비,소/600g
100022156V2_1619,콜리플라워,잎/줄기채소,콜리플라워,300g
100022157V2_1620,콩고물쌀과자,과자,스낵,60g
100022158V2_1621,콩국물,두부/유부,콩가공/기타,300g
100022159V2_1622,콩국수/면,밀가공,생숙면,600g
100022160V2_1623,콩나물,콩나물,콩나물,300g
100022161V2_1624,콩나물콩/국산,콩/화본/깨,콩,500g
100022162V2_1625,콩나물콩/유,콩/화본/깨,콩,500g
100022163V2_1626,콩비지,두부/유부,콩가공/기타,400g
100022164V2_1627,콩자반,밑반찬,조림,200g
100022165V2_1628,콩죽,식사대용,죽,400g
100022166V2_1629,콩콩크림빵,빵,앙금크림빵,90g
100022167V2_1629,콩콩크림빵,빵,앙금크림빵,90g/
100022168V2_1630,크루아상,빵,페스츄리류,150g/
100022169V2_1631,크림빵,빵,앙금크림빵,70g/
100022170V2_1631,크림빵,빵,앙금크림빵,75g
100022171V2_1631,크림빵,빵,앙금크림빵,75g/
100022172V2_1632,크림사탕,과자,엿/양갱/기타,70g
100022173V2_1633,크림스파게티,밀가공,간편조리면,620g/2인분
100022174V2_1634,크림스파게티소스,밀가공,간편조리면,180g
100022175V2_1635,크림스프,식사대용,식사대용/기타,80g
100022176V2_1635,크림스프,식사대용,식사대용/기타,80g*5개입
100022177V2_1636,키다리파이,빵,"파이,과자,쿠키류",90g
100022178V2_1637,키조개살,냉동수산,냉동패류,400g
100022179V2_1637,키조개살,냉동수산,냉동패류,관자/100g
100022180V2_1638,키토산비누,세제/세안,세안비누,1장
100022181V2_1638,키토산비누,세제/세안,세안비누,4장/1세트
100022182V2_1639,탕종식빵,빵,"식빵, 식사대용",200g/
100022183V2_1640,토담접시,식기/편백,자기,소
100022184V2_1641,토담찻잔세트,식기/편백,자기,2개
100022185V2_1642,토란줄기말림,말린나물/건재,토란줄기말림(70g),70g
100022186V2_1643,토마토식초,기름/식초,식초,390ml
100022187V2_1644,토막닭,닭/오리,논지엠오닭,우리보리살림닭/1kg
100022188V2_1644,토막닭,닭/오리,무항생제닭,1kg
100022189V2_1644,토막닭,닭/오리,보리살림닭,1kg/우리보리살림닭
100022190V2_1645,토막아귀,냉동수산,냉동생선,900g
100022191V2_1646,토시살-성남용인,중량(정육),한우(중량),
100022192V2_1647,토종풋고추,열매채소,토종풋고추,150g
100022193V2_1648,토판천일염 선물모음,소금,천일염,
100022194V2_1649,톳가루,수산가공,수산분말,150g
100022195V2_1650,톳장아찌,밑반찬,조림,250g
100022196V2_1651,통곡물닭죽,식사대용,죽,300g
100022197V2_1652,통녹두/유,콩/화본/깨,콩,500g
100022198V2_1653,통닭,닭/오리,논지엠오닭,우리보리살림닭/1마리
100022199V2_1653,통닭,닭/오리,무항생제닭,1마리
100022200V2_1654,통밀가루,가루,곡식가루,500g
100022201V2_1655,통밀또띠아,밀가공,피자/핫도그,40g*10장
100022202V2_1656,통밀식빵,빵,"식빵, 식사대용",300g/
100022203V2_1657,통밀퐁,과자,스낵,70g
100022204V2_1658,통배삼겹살,돼지,보리살림돼지,600g/우리보리살림돼지
100022205V2_1659,통살생선가스,수산가공,수산가공반찬,240g
100022206V2_1660,통삼겹살,돼지,보리살림(냉장),500g
100022207V2_1661,통삼겹-성남용인,중량(정육),돼지(중량),
100022208V2_1662,통연근,뿌리채소,연근,400g
100022209V2_1663,통연근/세척,뿌리채소,연근,400g
100022210V2_1664,통흑마늘/유기,건강일반,추출/농축액,200g
100022211V2_1664,통흑마늘/유기,건강일반,추출/농축액,선물용:55g*10봉
100022212V2_1665,튀김가루,가루,프리믹스,500g/무농약
100022213V2_1666,튀김옷돈가스,육가공,돈가스/분쇄가공,400g
100022214V2_1667,특대3.5호,식기/편백,옹기,
100022215V2_1668,특대3호,식기/편백,옹기,
100022216V2_1669,특대4호,식기/편백,옹기,
100022217V2_1670,특대5호,식기/편백,옹기,
100022218V2_1671,티라이트 꿀초,생활용품,환경용품,10개
100022219V2_1672,티스푼세트,식기/편백,옻칠,색칠/5개
100022220V2_1673,파김치,김치,기타채소,500g
100022221V2_1674,파래땅콩쌀엿강정,과자,한과/유과,80g
100022222V2_1675,파래전장김,밑반찬,김가공,30g
100022223V2_1676,파래참김,해조,김,50장
100022224V2_1677,파채,양념채소,대파/손질,200g
100022225V2_1678,파프리카,열매채소,파프리카,350g
100022226V2_1678,파프리카,열매채소,파프리카,소/350g
100022227V2_1678,파프리카,열매채소,파프리카,풋/250g
100022228V2_1679,팝콘용옥수수/무,콩/화본/깨,콩,300g
100022229V2_1679,팝콘용옥수수/무,콩/화본/깨,콩,하나더
100022230V2_1680,팥,콩/화본/깨,콩,국산/500g
100022231V2_1681,팥/무,콩/화본/깨,콩,150g
100022232V2_1681,팥/무,콩/화본/깨,콩,500g
100022233V2_1682,팥빙수팥,잼/병조림/기타,병조림/기타,430g
100022234V2_1683,팥시루떡,떡,즉석떡,180g
100022235V2_1684,팥양갱,과자,엿/양갱/기타,40g
100022236V2_1685,팥죽,식사대용,죽,230g
100022237V2_1686,팥찐빵,빵,"찐빵,호떡,전통",5개:400g/
100022238V2_1687,팽이버섯,버섯,팽이버섯,100g
100022239V2_1687,팽이버섯,버섯,팽이버섯,150g
100022240V2_1688,페퍼민트,차,잎꽃차,10g
100022241V2_1689,편백나무다용도큐브칩,식기/편백,편백,
100022242V2_1690,편백나무베개본체커버,식기/편백,편백,대형/하늘
100022243V2_1690,편백나무베개본체커버,식기/편백,편백,대형/회색
100022244V2_1690,편백나무베개본체커버,식기/편백,편백,성인/분홍
100022245V2_1690,편백나무베개본체커버,식기/편백,편백,성인/하늘
100022246V2_1691,편백나무베개속통커버,식기/편백,편백,대형
100022247V2_1691,편백나무베개속통커버,식기/편백,편백,성인
100022248V2_1691,편백나무베개속통커버,식기/편백,편백,아동
100022249V2_1692,편백나무베개커버,식기/편백,편백,대형/하늘잔꽃
100022250V2_1692,편백나무베개커버,식기/편백,편백,성인/분홍잔꽃
100022251V2_1692,편백나무베개커버,식기/편백,편백,성인/하늘잔꽃
100022252V2_1692,편백나무베개커버,식기/편백,편백,성인/회색잔꽃
100022253V2_1692,편백나무베개커버,식기/편백,편백,아동/블루강아지
100022254V2_1692,편백나무베개커버,식기/편백,편백,아동/핑크강아지
100022255V2_1693,편백나무아동베개,식기/편백,편백,블루
100022256V2_1693,편백나무아동베개,식기/편백,편백,블루강아지
100022257V2_1693,편백나무아동베개,식기/편백,편백,핑크강아지
100022258V2_1694,편백나무큐브목베개,식기/편백,편백,참숯
100022259V2_1694,편백나무큐브목베개,식기/편백,편백,황토
100022260V2_1695,편백나무큐브목베개모음,식기/편백,편백,2개
100022261V2_1696,편백나무큐브베개,식기/편백,편백,대형/분홍잔꽃
100022262V2_1696,편백나무큐브베개,식기/편백,편백,대형/하늘잔꽃
100022263V2_1696,편백나무큐브베개,식기/편백,편백,대형/하늘잔꽃/정지예정품번
100022264V2_1696,편백나무큐브베개,식기/편백,편백,대형/회색잔꽃
100022265V2_1696,편백나무큐브베개,식기/편백,편백,성인/분홍잔꽃
100022266V2_1696,편백나무큐브베개,식기/편백,편백,성인/하늘잔꽃
100022267V2_1696,편백나무큐브베개,식기/편백,편백,성인/회색잔꽃
100022268V2_1696,편백나무큐브베개,식기/편백,편백,성인/회색잔꽃/정지예정품번
100022269V2_1697,편백목침,식기/편백,편백,
100022270V2_1698,편백원목도마,식기/편백,편백,건식/손잡이형
100022271V2_1698,편백원목도마,식기/편백,편백,건식/타원형/1p
100022272V2_1699,편백통원목도마,식기/편백,편백,대/양면무절/둥근사각형
100022273V2_1699,편백통원목도마,식기/편백,편백,양면무절/손잡이형
100022274V2_1699,편백통원목도마,식기/편백,편백,중/양면무절/둥근사각형
100022275V2_1700,포기로메인,쌈채소류,로메인,250g
100022276V2_1701,포기상추,쌈채소류,상추,300g
100022277V2_1701,포기상추,쌈채소류,상추,재래종:300g
100022278V2_1702,포기생채,쌈채소류,생채,2포기
100022279V2_1703,포도/대봉,과일,포도(혼합포도),1.5kg
100022280V2_1704,포도/무/캠벨,과일,포도(혼합포도),1.5kg
100022281V2_1704,포도/무/캠벨,과일,포도(혼합포도),3kg
100022282V2_1704,포도/무/캠벨,과일,포도(혼합포도),4kg
100022283V2_1704,포도/무/캠벨,과일,포도(혼합포도),하우스:1.5kg
100022284V2_1705,포도/유/바라드계,과일,포도(혼합포도),하우스:1.5kg
100022285V2_1706,포도/유/스튜벤,과일,포도(혼합포도),1.5kg
100022286V2_1707,포도/유/캠벨,과일,포도(혼합포도),1.5kg
100022287V2_1707,포도/유/캠벨,과일,포도(혼합포도),4kg
100022288V2_1707,포도/유/캠벨,과일,포도(혼합포도),하우스:1.5kg
100022289V2_1707,포도/유/캠벨,과일,포도(혼합포도),하우스:2kg
100022290V2_1708,포도꽁꽁,음료,빙과,120ml
100022291V2_1709,포도잼,잼/병조림/기타,잼,280g
100022292V2_1710,포도즙,음료,과즙,180ml*1병:용
100022293V2_1710,포도즙,음료,과즙,1l
100022294V2_1710,포도즙,음료,과즙,1상자:180ml*10병
100022295V2_1710,포도즙,음료,과즙,팩:120ml*20봉
100022296V2_1710,포도즙,음료,과즙,팩120ml
100022297V2_1711,표고가루,가루,양념가루,60g
100022298V2_1712,표고가루/버섯모음,소스/기타양념,기타양념,
100022299V2_1713,표고맛국물팩,건어물,기타건어류,15g*10
100022300V2_1714,표고버섯,버섯,표고버섯,동고:500g
100022301V2_1714,표고버섯,버섯,표고버섯,백화고:500g
100022302V2_1714,표고버섯,버섯,표고버섯,흑화고:500g
100022303V2_1715,푸른머그컵세트,식기/편백,자기,2개
100022304V2_1716,푸른햇살접시,식기/편백,자기,대
100022305V2_1716,푸른햇살접시,식기/편백,자기,중
100022306V2_1717,풋고추,열매채소,풋고추,150g
100022307V2_1717,풋고추,열매채소,풋고추,300g
100022308V2_1718,풋귤,과일,귤(조생),1kg/무
100022309V2_1718,풋귤,과일,귤(조생),1kg/유
100022310V2_1718,풋귤,과일,귤(조생),3kg/유
100022311V2_1719,풋땅콩,견과,땅콩,1kg
100022312V2_1720,풋울타리콩,열매채소,풋콩,1kg
100022313V2_1721,프라이팬/20㎝,식기/편백,스테인리스,
100022314V2_1722,프라이팬/28㎝,식기/편백,스테인리스,
100022315V2_1723,프로폴리스,꿀,꿀부산물,50ml
100022316V2_1724,플레인롤케이크,빵,"케이크,롤,선물",90g/조각롤
100022317V2_1725,플레인요구르트,유제품,요구르트,450ml
100022318V2_1726,피,콩/화본/깨,화본,국산/300g
100022319V2_1727,피꼬막,생물수산,패류/갑각류,피조개/1.5kg
100022320V2_1728,피꼬막살,냉동수산,냉동패류,180g
100022321V2_1729,피망,열매채소,피망,3개/210g이상
100022322V2_1730,피자만두,밀가공,만두,500g
100022323V2_1731,하늘땅감자,과자,스낵,55g
100022324V2_1732,하늘땅옥수수,과자,스낵,55g
100022325V2_1733,하늘바다새우,과자,스낵,60g
100022326V2_1734,하늘밥백미,식사대용,식사대용/기타,210g
100022327V2_1734,하늘밥백미,식사대용,식사대용/기타,210g*12개입
100022328V2_1734,하늘밥백미,식사대용,식사대용/기타,210g*3개입
100022329V2_1735,하늘밥찹쌀현미,식사대용,식사대용/기타,210g
100022330V2_1735,하늘밥찹쌀현미,식사대용,식사대용/기타,210g*12개입
100022331V2_1735,하늘밥찹쌀현미,식사대용,식사대용/기타,210g*3개입
100022332V2_1736,한결옥고,건강일반,추출/농축액,700g
100022333V2_1737,한결홍옥고,건강일반,추출/농축액,1kg
100022334V2_1738,한결홍옥고환,건강일반,분말/환,170g
100022335V2_1739,한과모음3,과자,한과/유과,1.2kg
100022336V2_1739,한과모음3,과자,한과/유과,1.2kg/추천
100022337V2_1740,한과모음4,과자,한과/유과,540g
100022338V2_1741,한라봉/무,과일,귤만감,1.8kg
100022339V2_1742,한라봉/선물용,과일,귤만감,무:3kg
100022340V2_1743,한라봉/유,과일,귤만감,1.8kg
100022341V2_1744,한번익힌고기동그랑땡,즉석조리,간편요리,300g
100022342V2_1745,한번익힌깻잎전,즉석조리,간편요리,300g
100022343V2_1746,한번익힌동태전,즉석조리,간편요리,300g
100022344V2_1747,한우갈비살,소,한우(냉장),안심대안/300g
100022345V2_1748,한우고기곰국,육가공,식육추출가공,냉동:1.1kg
100022346V2_1748,한우고기곰국,육가공,식육추출가공,냉동:1.1kg-쿠폰북행사
100022347V2_1749,한우구이용갈비,소,한우,800g
100022348V2_1750,한우국갈비,소,한우,1kg
100022349V2_1751,한우국갈비/유기,소,유기한우,1kg
100022350V2_1752,한우국거리,소,한우,1kg
100022351V2_1752,한우국거리,소,한우,300g
100022352V2_1752,한우국거리,소,한우,600g
100022353V2_1753,한우국거리/유기,소,유기한우,300g국내산
100022354V2_1753,한우국거리/유기,소,유기한우,600g국내산
100022355V2_1754,한우국거리/조각,소,한우,300g
100022356V2_1755,한우등심,소,한우,600g
100022357V2_1755,한우등심,소,한우(냉장),안심대안/300g
100022358V2_1756,한우등심/유기,소,유기한우,600g
100022359V2_1757,한우등심선물,소,한우,2kg
100022360V2_1758,한우떡갈비,육가공,돈가스/분쇄가공,300g
100022361V2_1759,한우모둠구이용,소,한우(냉장),안심대안/300g
100022362V2_1760,한우모듬구이용,소,유기한우(냉장),유기/250g
100022363V2_1760,한우모듬구이용,소,한우,600g
100022364V2_1760,한우모듬구이용,소,한우,냉장/300g
100022365V2_1761,한우모듬구이용/유기,소,유기한우,600g
100022366V2_1762,한우반골꼬리,소,한우,1.5kg
100022367V2_1763,한우반골꼬리/유기,소,유기한우,1.5kg
100022368V2_1764,한우볶음고추장,장,장류/기타,250g
100022369V2_1765,한우분쇄육,소,한우,300g
100022370V2_1766,한우분쇄육/유기,소,유기한우,300g
100022371V2_1767,한우불고기,소,한우,600g
100022372V2_1768,한우불고기/유기,소,유기한우,600g
100022373V2_1769,한우불고기꼬마피자,밀가공,피자/핫도그,88g
100022374V2_1770,한우불고기부리토,밀가공,피자/핫도그,91g
100022375V2_1771,한우사골,소,한우,1.8kg
100022376V2_1772,한우사골/유기,소,유기한우,1.8kg
100022377V2_1773,한우사골국,육가공,식육추출가공,500g
100022378V2_1774,한우사골꼬리모음,소,한우,4.6kg
100022379V2_1775,한우산적,소,한우,600g
100022380V2_1776,한우산적/유기,소,유기한우,600g
100022381V2_1777,한우샤브샤브,소,한우,300g
100022382V2_1778,한우샤브샤브용/유기,소,유기한우,300g
100022383V2_1779,한우스지도가니,소,한우,500g
100022384V2_1780,한우스지도가니/유기,소,유기한우,500g
100022385V2_1781,한우안심,소,한우,600g
100022386V2_1781,한우안심,소,한우(냉장),안심대안/150g
100022387V2_1782,한우안심/유기,소,유기한우,600g
100022388V2_1783,한우얇은등심,소,한우,300g
100022389V2_1784,한우양념불고기,육가공,양념육,250g
100022390V2_1785,한우육포,육가공,육포/기타,50g
100022391V2_1786,한우잡뼈,소,한우,1kg
100022392V2_1787,한우잡뼈/유기,소,유기한우,1kg
100022393V2_1788,한우잡채용,소,한우,200g
100022394V2_1789,한우장조림,소,한우,600g
100022395V2_1790,한우장조림/유기,소,유기한우,600g
100022396V2_1791,한우조각국거리/유기,소,유기한우,250g
100022397V2_1792,한우족,소,한우,1족/1.9kg
100022398V2_1793,한우족/유기,소,유기한우,1.9kg/1족
100022399V2_1794,한우찜갈비,소,한우,1kg
100022400V2_1794,한우찜갈비,소,한우,3kg
100022401V2_1795,한우찜갈비/유기,소,유기한우,1kg
100022402V2_1796,한우차돌박이,소,한우,300g
100022403V2_1797,한우차돌박이/유기,소,유기한우,300g
100022404V2_1798,한우채끝,소,한우(냉장),안심대안/200g
100022405V2_1799,한우카레용,소,한우,200g
100022406V2_1800,한울사과즙,음료,과즙,120ml
100022407V2_1800,한울사과즙,음료,과즙,120ml*20봉
100022408V2_1801,한입쏙쏙젤리,음료,푸딩,450g
100022409V2_1802,한입쏙쏙젤리감귤,음료,푸딩,25g*10개
100022410V2_1803,한입쏙쏙젤리딸기,음료,푸딩,25g*10개
100022411V2_1804,한입쏙쏙젤리포도,음료,푸딩,25g*10개
100022412V2_1805,한재미나리,잎/줄기채소,미나리,200g
100022413V2_1806,함초분말,건강일반,분말/환,150g
100022414V2_1807,함초소금,소금,가공소금,300g
100022415V2_1808,합격기원떡,떡,떡케이크/선물,300g
100022416V2_1809,합격기원엿,과자,엿/양갱/기타,180g
100022417V2_1810,핫케이크가루,가루,프리믹스,600g
100022418V2_1811,항아리 꿀초,생활용품,환경용품,
100022419V2_1812,항정살,돼지,보리살림(냉장),300g
100022420V2_1812,항정살,중량(정육),돼지(중량),무항생제-성남용인
100022421V2_1813,항정살-성남용인,중량(정육),돼지(중량),
100022422V2_1814,해물동그랑땡,즉석조리,간편요리,300g
100022423V2_1815,해물맛국물팩,건어물,기타건어류,20g*7
100022424V2_1816,해물모음,냉동수산,기타냉동수산,270g
100022425V2_1816,해물모음,냉동수산,기타냉동수산,300g
100022426V2_1817,햄버거빵,빵,"식빵, 식사대용",204g/4개/
100022427V2_1818,햄버거스테이크,육가공,돈가스/분쇄가공,80g*5
100022428V2_1819,햇멸치,건어물,멸치류,중멸/600g
100022429V2_1820,햇살접시,식기/편백,자기,소
100022430V2_1820,햇살접시,식기/편백,자기,중
100022431V2_1821,행복누리 수제세탁비누,세제/세안,세탁비누,200g
100022432V2_1822,행복누리 주방고체비누,세제/세안,주방용비누,220g
100022433V2_1822,행복누리 주방고체비누,세제/세안,주방용비누,등외품/190g
100022434V2_1823,허브맛닭날개양념구이,육가공,햄/소시지/훈제,500g
100022435V2_1824,허브차모음,차,잎꽃차,
100022436V2_1825,허브혼합차,차,잎꽃차,15g
100022437V2_1826,헛개열매진액,건강일반,추출/농축액,100ml*10봉
100022438V2_1826,헛개열매진액,건강일반,추출/농축액,100ml*30봉
100022439V2_1827,현미/유,멥쌀,멥쌀,2kg
100022440V2_1827,현미/유,멥쌀,멥쌀,4kg
100022441V2_1827,현미/유,멥쌀,멥쌀,8kg
100022442V2_1828,현미가래떡,떡,가래떡,400g
100022443V2_1829,현미가루,가루,곡식가루,300g
100022444V2_1830,현미국수,밀가공,국수,500g
100022445V2_1831,현미도너츠가루,가루,프리믹스,540g
100022446V2_1832,현미떡볶이떡,떡,가래떡,500g
100022447V2_1833,현미뻥과자,과자,스낵,55g
100022448V2_1834,현미수국차,차,잎꽃차,1.5g*20티백
100022449V2_1835,현미쌀가스,즉석조리,간편요리,320g
100022450V2_1836,현미쌀너비아니,즉석조리,간편요리,200g
100022451V2_1837,현미쌀주물럭,즉석조리,간편요리,300g
100022452V2_1838,현미쌀탕수미,즉석조리,간편요리,300g
100022453V2_1839,현미유,기름/식초,기름,500ml
100022454V2_1839,현미유,기름/식초,기름,900ml
100022455V2_1840,현미유모음,기름/식초,기름,900ml*2
100022456V2_1841,현미차,차,곡류차,500g
100022457V2_1842,현미찹쌀고추장,장,고추장,900g
100022458V2_1843,현미콩고물과자,과자,스낵,70g
100022459V2_1844,현미튀밥,과자,스낵,80g
100022460V2_1845,호두,견과,호두,100g_대보름
100022461V2_1845,호두,견과,호두,300g:안깐것
100022462V2_1846,호두감자숙성빵,빵,건강곡물빵,260g/
100022463V2_1847,호두과자,빵,"찐빵,호떡,전통",220g
100022464V2_1848,호두머핀,빵,단과자빵,85g*2개
100022465V2_1849,호두쿠키,과자,쿠키,100g
100022466V2_1850,호두파이,빵,"파이,과자,쿠키류",소/12cm/150g
100022467V2_1851,호박쌀엿,과자,엿/양갱/기타,100g
100022468V2_1852,호박잎,잎/줄기채소,호박잎,250g
100022469V2_1853,호박죽,식사대용,죽,280g
100022470V2_1854,호박즙,음료,음료기타,80ml*30봉
100022471V2_1854,호박즙,음료,음료기타,80ml:1봉 용
100022472V2_1855,호박품은팥시루떡,떡,즉석떡,180g
100022473V2_1856,혼합15곡,보리/혼합곡,혼합곡,1kg
100022474V2_1857,혼합5곡,보리/혼합곡,혼합곡,국산/500g
100022475V2_1858,혼합8곡,보리/혼합곡,혼합곡,국산/500g
100022476V2_1859,혼합영지선물모음,버섯,영지버섯,
100022477V2_1860,혼합차모음,차,절임차,3병
100022478V2_1861,혼합표고선물모음1호,버섯,표고버섯,
100022479V2_1862,혼합표고선물모음3호,버섯,표고버섯,
100022480V2_1863,홍고추,열매채소,홍고추,300g
100022481V2_1864,홍도라지가루,건강일반,분말/환,2g*30봉
100022482V2_1865,홍두깨,소,한우(냉장),안심대안/200g
100022483V2_1866,홍두깨-성남용인,중량(정육),한우(중량),
100022484V2_1867,홍삼/도라지절편모음,건강일반,건강/기타,각 20g*5개
100022485V2_1868,홍삼농축액,홍삼/녹용,홍삼,100g
100022486V2_1869,홍삼농축액모음,홍삼/녹용,홍삼,100g*2병
100022487V2_1870,홍삼액,홍삼/녹용,홍삼,6년근/30봉
100022488V2_1870,홍삼액,홍삼/녹용,홍삼,6년근/60봉
100022489V2_1871,홍삼양갱,과자,엿/양갱/기타,40g
100022490V2_1872,홍삼양갱선물모음,과자,엿/양갱/기타,40g*10개
100022491V2_1873,홍삼절편,홍삼/녹용,홍삼,20g*10개
100022492V2_1874,홍시용감/대봉,과일,홍시용감(대봉),3kg
100022493V2_1874,홍시용감/대봉,과일,홍시용감(대봉),무:3kg
100022494V2_1875,홍시용감/둥시/,과일,홍시용감(둥시),1.5kg
100022495V2_1875,홍시용감/둥시/,과일,홍시용감(둥시),4.5kg
100022496V2_1876,홍피망,열매채소,피망,2개
100022497V2_1877,홍화나물,잎/줄기채소,홍화나물,200g
100022498V2_1878,홍화액,건강일반,추출/농축액,유기/60ml*30봉
100022499V2_1879,화분용퇴비,생활용품,숯/원예,1kg
100022500V2_1879,화분용퇴비,생활용품,숯/원예,5kg
100022501V2_1880,화장지움비누,세제/세안,세안비누,1장
100022502V2_1881,환청국장,장,장류/기타,270g
100022503V2_1882,황금향,과일,귤만감,무:2kg
100022504V2_1883,황기/2년근,말린나물/건재,황기,100g
100022505V2_1884,황기/4년근,말린나물/건재,황기,100g
100022506V2_1885,황기백숙,육가공,식육추출가공,2kg
100022507V2_1886,황매실,과일,황매실,남고/유
100022508V2_1887,황석어젓,수산가공,젓갈/액젓,1.8kg/1되
100022509V2_1888,황잣,견과,잣,120g:1병
100022510V2_1888,황잣,견과,잣,500g
100022511V2_1889,황태,건어물,황태류,4마리
100022512V2_1890,황태바삭달콤한맛,수산가공,수산가공간식,25g
100022513V2_1891,황태바삭매콤한맛,수산가공,수산가공간식,25g
100022514V2_1892,황태선물모음,건어물,황태류,
100022515V2_1893,황태채,건어물,황태류,200g
100022516V2_1894,황태포,건어물,황태류,요리용:4마리
100022517V2_1894,황태포,건어물,황태류,제수용:대1
100022518V2_1895,황토숙주나물,콩나물,숙주나물,300g
100022519V2_1896,황토쥐눈이콩콩나물,콩나물,콩나물,300g
100022520V2_1897,후랑크소시지,육가공,햄/소시지/훈제,300g-
100022521V2_1898,훈제닭다리살,육가공,햄/소시지/훈제,350g
100022522V2_1899,훈제오리,육가공,햄/소시지/훈제,350g
100022523V2_1900,훈제오리슬라이스,육가공,햄/소시지/훈제,250g
100022524V2_1901,훈제족발,육가공,햄/소시지/훈제,큰뼈제거/1족:750g이상
100022525V2_1902,휴대용 치약/칫솔모음,생활용품,치약/칫솔,감귤
100022526V2_1902,휴대용 치약/칫솔모음,생활용품,치약/칫솔,하늘바다
100022527V2_1903,흑마늘액,건강일반,추출/농축액,유기/1봉
100022528V2_1903,흑마늘액,건강일반,추출/농축액,유기/80ml*10봉
100022529V2_1903,흑마늘액,건강일반,추출/농축액,유기/80ml*30봉
100022530V2_1904,흑미,유색미/발아미,유색미,500g
100022531V2_1904,흑미,유색미/발아미,유색미,유1kg
100022532V2_1905,흑미베이글,빵,"식빵, 식사대용",90g*3개/
100022533V2_1906,흑미블루베리크림빵,빵,앙금크림빵,210g/
100022534V2_1907,흑미쌀과자,과자,스낵,55g
100022535V2_1908,흑미쌀쿠키,과자,쿠키,100g
100022536V2_1909,흑미참식,식사대용,선식/생식,700g
100022537V2_1910,흑방울토마토_500g,과일채소,방울토마토,
100022538V2_1911,흑수박,과일채소,수박,토종/2~3kg
100022539V2_1911,흑수박,과일채소,수박,토종/3~4kg
100022540V2_1911,흑수박,과일채소,수박,토종/4~5kg
100022541V2_1911,흑수박,과일채소,수박,토종/5~6kg
100022542V2_1911,흑수박,과일채소,수박,토종/6~7kg
100022543V2_1912,흑염소진액,건강일반,추출/농축액,100ml
100022544V2_1912,흑염소진액,건강일반,추출/농축액,100ml*30봉
100022545V2_1913,흑임자구름떡,떡,즉석떡,180g
100022546V2_1914,흑임자인절미,떡,즉석떡,150g
100022547V2_1915,흑토마토,과일채소,완숙토마토,1kg
100022548V2_1915,흑토마토,과일채소,완숙토마토,1kg/소
100022549V2_1916,흰밀가루,가루,곡식가루,1kg
